name,ambiguity,distID,ideology,totalIssuePages,democrat,mismatch,incumbent,demHeterogeneity,attHeterogeneity,distLean
"DUNBAR, FORREST",0.7399,200,-0.6268,9,1,1.031120302,0,0.562956356,NA,0.249844942
"YOUNG, DONALD E",0.6661,200,0.7771,15,0,0.372779698,1,0.562956356,NA,0.249844942
"LEFLORE, BURTON R",0.0156,101,0.3514,1,1,0.181886579,0,0.584501842,1.272788782,0.36727638
"BYRNE, BRADLEY ROBERTS",0.3933,101,1.0819,7,0,0.548613421,1,0.584501842,1.272788782,0.36727638
"WRIGHT, ERICK",0.38,102,-0.0038,6,1,0.68480348,0,0.590602345,1.188103321,0.501781372
"ROBY, MARTHA",-0.4444,102,0.7752,0,0,0.09419652,1,0.590602345,1.188103321,0.501781372
"SMITH, JESSE TREMAIN",0.426,103,0.0104,4,1,0.609999528,0,0.584138275,1.224224134,0.446597882
"ROGERS, MICHAEL",0.2193,103,-1.1222,0,0,1.742599528,1,0.584138275,1.224224134,0.446597882
NA,NA,104,NA,NA,1,NA,0,0.523990814,1.158584549,0.629246213
"ADERHOLT, ROBERT B. REP.",0.4068,104,-0.4885,0,0,1.309488702,1,0.523990814,1.158584549,0.629246213
NA,NA,105,NA,NA,1,NA,0,0.546921113,1.292861366,0.515002014
"BROOKS, MO",0.1726,105,0.2648,0,0,0.430722735,1,0.546921113,1.292861366,0.515002014
"LESTER, MARK",0.6867,106,-0.2488,12,1,0.829897669,0,0.514217912,1.239048861,0.410811211
"PALMER, GARY",0.5481,106,1.3097,8,0,0.728602331,0,0.514217912,1.239048861,0.410811211
"SEWELL, TERRI A.",0.3545,107,1.0605,0,1,1.015298226,1,0.613404267,1.205005005,-0.07715376
NA,NA,107,NA,NA,0,NA,0,0.613404267,1.205005005,-0.07715376
"MCPHERSON, JACKIE",-0.1643,501,NA,0,1,NA,0,0.560104468,1.199260126,0.373706207
"CRAWFORD, ERIC ALAN RICK",0.1113,501,1.2979,0,0,0.757552017,1,0.560104468,1.199260126,0.373706207
"HAYS, PATRICK HENRY",0.4528,502,0.313,7,1,0.080875156,0,0.556563295,1.278983787,0.093050773
"HILL, JAMES FRENCH",0.6358,502,1.48,4,0,1.247875156,0,0.556563295,1.278983787,0.093050773
NA,NA,503,NA,NA,1,NA,0,0.5330791,1.268077619,0.431657087
"WOMACK, STEVE",0.4591,503,1.9918,4,0,1.387808844,1,0.5330791,1.268077619,0.431657087
"WITT, JAMES LEE",0.4515,504,0.3842,5,1,0.088736168,0,0.571506962,1.226962731,0.312323754
"WESTERMAN, BRUCE MR.",0.5762,504,0.5457,4,0,0.072763832,0,0.571506962,1.226962731,0.312323754
"KIRKPATRICK, ANN",0.4475,401,0.3837,8,1,0.116242163,1,0.608327695,1.372560031,0.336914313
"TOBIN, ANDY HON.",0.1725,401,NA,0,0,NA,0,0.608327695,1.372560031,0.336914313
"BARBER, RONALD",0.5741,402,0.3068,6,1,0.104613652,1,0.532725214,1.341737621,0.065789998
"MCSALLY, MARTHA E MS.",0.5152,402,0.4605,13,0,0.258313652,0,0.532725214,1.341737621,0.065789998
"GRIJALVA, RAUL M",0.9014,403,-0.7555,11,1,0.73474946,1,0.599172748,1.431376432,-0.13720725
"MERCER, GABRIELA SAUCEDO MRS",0.5242,403,1.3321,11,0,1.35285054,0,0.599172748,1.431376432,-0.13720725
"WEISSER, MIKEL",0.6846,404,-0.1988,19,1,0.773547054,0,0.513567995,1.300016316,0.405028599
"GOSAR, PAUL ANTHONY",0.733,404,1.2752,9,0,0.700452946,1,0.513567995,1.300016316,0.405028599
"WOODS, JAMES ISSAC",0.2965,405,-0.445,19,1,0.996919315,0,0.490588458,1.473873091,0.38424259
"SALMON, MATT",0.4208,405,1.4717,11,0,0.919780685,1,0.490588458,1.473873091,0.38424259
"WILLIAMSON, W JOHN",0.5245,406,-0.475,1,1,0.966742883,0,0.489186246,1.341018595,0.329448383
"SCHWEIKERT, DAVID",0.5512,406,1.0905,8,0,0.598757117,1,0.489186246,1.341018595,0.329448383
"GALLEGO, RUBEN",0.6099,407,-0.3124,8,1,0.226644053,0,0.637852277,1.344359296,-0.196398526
NA,NA,407,NA,NA,0,NA,0,0.637852277,1.344359296,-0.196398526
NA,NA,408,NA,NA,1,NA,0,0.492214169,1.437963186,0.308793967
"FRANKS, TRENT",0.7316,408,0.2441,9,0,0.224959663,1,0.492214169,1.437963186,0.308793967
"SINEMA, KYRSTEN",1.1416,409,-0.152,5,1,0.113928308,1,0.556232091,-0.231679717,-0.152979186
"ROGERS, WENDY",0.4358,409,1.0302,10,0,1.068271692,0,0.556232091,NA,-0.152979186
"HALL, HEIDI",0.7139,601,-0.1629,9,1,0.593411232,0,0.524024191,1.390367431,0.273693336
"LAMALFA, DOUG",0.4319,601,1.7131,9,0,1.282588768,1,0.524024191,1.390367431,0.273693336
"EGGMAN, MICHAEL RAY",0.3995,610,-0.0382,8,1,0.295128435,0,0.578706013,1.423501571,0.115635912
"DENHAM, JEFF",0.3528,610,NA,0,0,NA,1,0.578706013,1.423501571,0.115635912
"DESAULNIER, MARK",0.2903,611,0.1463,0,1,0.434264888,0,0.572647297,1.35569132,-0.38052175
"QUANG, TUE PHAN",0.2789,611,0.1789,9,0,0.466864888,0,0.572647297,1.35569132,-0.38052175
"PELOSI, NANCY",NA,612,NA,NA,1,NA,1,0.573242789,1.342712036,-1.062999263
"DENNIS, JOHN",0.3833,612,0.2649,7,0,1.302379545,0,0.573242789,1.342712036,-1.062999263
"LEE, BARBARA",0.7427,613,-1.2294,15,1,0.166330295,1,0.62670962,1.362256364,-1.08630062
"SUNDEEN, DAKIN M",0.3735,613,0.1851,3,0,1.248169705,0,0.62670962,1.362256364,-1.08630062
"SPEIER, JACKIE",0.8679,614,-1.6609,10,1,1.087027194,1,0.578524039,1.328531981,-0.640857853
"CHEW, ROBIN LEO",0.3112,614,0.6599,8,0,1.233772806,0,0.578524039,1.328531981,-0.640857853
"SWALWELL, ERIC MICHAEL",1.0684,615,-0.6308,5,1,0.599300485,1,0.585010888,1.402898712,-0.146994829
"BUSSELL, HUGH",0.1553,615,-2.1172,0,0,2.085700485,0,0.585010888,1.402898712,-0.146994829
"COSTA, JIM",0.8785,616,-2.5368,9,1,2.593065415,1,0.65709273,1.289491476,-0.067079659
"TACHERRA, JOHNNY",0.2429,616,0.4632,6,0,0.406934585,0,0.65709273,1.289491476,-0.067079659
"HONDA, MIKE",0.9264,617,-1.813,7,1,1.492381587,1,0.549958609,1.29561702,-0.410254719
NA,NA,617,NA,NA,0,NA,0,0.549958609,1.29561702,-0.410254719
"ESHOO, ANNA",0.6938,618,-1.0261,0,1,0.530647034,1,0.503844931,1.267665736,-0.569451941
"FOX, RICHARD B",0.6666,618,0.0109,12,0,0.506352966,0,0.503844931,1.267665736,-0.569451941
"LOFGREN, ZOE",-0.053,619,-0.2318,0,1,0.010820956,1,0.62105798,1.343096501,-0.339233413
NA,NA,619,NA,NA,0,NA,0,0.62105798,1.343096501,-0.339233413
"HUFFMAN, JARED MR",0.1563,602,-0.2461,0,1,0.303223143,1,0.523397958,1.329917056,-0.61850393
"MENSING, DALE KENNETH",0.4272,602,-0.5028,3,0,0.046523143,0,0.523397958,1.329917056,-0.61850393
"FARR, SAM",0.3098,620,NA,0,1,NA,1,0.57363994,1.224786854,-0.40845865
NA,NA,620,NA,NA,0,NA,0,0.57363994,1.224786854,-0.40845865
"RENTERIA, AMANDA",0.0891,621,-2.581,0,1,2.724024026,0,0.622644711,1.316229476,0.011919198
"VALADAO, DAVID",0.2514,621,0.2695,11,0,0.126475974,1,0.622644711,1.316229476,0.011919198
"MARRERO, SUZANNA AUGILERA",0.5547,622,-0.5859,3,1,0.812950519,0,0.589490264,1.328765419,0.088430299
"NUNES, DEVIN G",0.4497,622,0.4076,8,0,0.180549481,1,0.589490264,1.328765419,0.088430299
"GARCIA, RAUL",NA,623,NA,NA,1,NA,0,0.57951521,1.3846896,0.25915514
"MCCARTHY, KEVIN",0.2437,623,1.6994,8,0,1.284854995,1,0.57951521,1.3846896,0.25915514
"CAPPS, LOIS G",0.7627,624,1.3171,0,1,1.317870467,1,0.556010906,1.402458405,-0.11901421
"MITCHUM, CHRISTOPHER",0.5173,624,1.078,10,0,1.078770467,0,0.556010906,1.402458405,-0.11901421
NA,NA,625,NA,NA,1,NA,0,0.586672068,1.303608354,0.053781602
"STRICKLAND, ANTHONY A",0.4718,625,1.3534,6,0,1.164401586,0,0.586672068,1.303608354,0.053781602
"BROWNLEY, JULIA",0.7434,626,-0.4509,10,1,0.524624277,1,0.55042172,1.356153258,-0.051182331
"GORELL, JEFF",0.4062,626,0.4584,8,0,0.384675723,0,0.55042172,1.356153258,-0.051182331
"CHU, JUDY",-0.0965,627,-0.5983,0,1,0.460405043,1,0.595231099,1.398739175,-0.243874184
"ORSWELL, JACK",0.4708,627,0.2594,9,0,0.397294957,0,0.595231099,1.398739175,-0.243874184
"SCHIFF, ADAM",0.1082,628,NA,0,1,NA,1,0.565778874,1.244128945,-0.61878094
NA,NA,628,NA,NA,0,NA,0,0.565778874,1.244128945,-0.61878094
"CARDENAS, TONY",0.4662,629,-2.7779,6,1,2.220782393,1,0.635234569,1.349049041,-0.625601251
"Leader, William",0.7532,629,0.4276,12,0,0.984717607,0,0.635234569,1.349049041,-0.625601251
"GARAMENDI, JOHN",0.7518,603,-1.2153,11,1,1.289120403,1,0.602342142,1.433975355,-0.051094802
"LOGUE, DANIEL",0.4578,603,0.7019,7,0,0.628079597,0,0.602342142,1.433975355,-0.051094802
"SHERMAN, BRAD",0.7474,630,-0.7421,11,1,0.409422739,1,0.558354765,1.363850452,-0.421235015
"REED SR., MARK STEVEN SR.",0.6947,630,0.2432,5,0,0.575877261,0,0.558354765,1.363850452,-0.421235015
"AGUILAR, PETE",0.4557,631,-1.4202,6,1,1.469159353,0,0.629970902,1.291920662,-0.073732262
"CHABOT, PAUL R DR.",0.2823,631,0.446,7,0,0.397040647,0,0.629970902,1.291920662,-0.073732262
"NAPOLITANO, GRACE",0.7424,632,-1.0014,0,1,1.032414815,1,0.624455617,1.22185682,-0.090071827
"ALAS, ARTURO E III",0.3025,632,0.8512,3,0,0.820185185,0,0.624455617,1.22185682,-0.090071827
"LIEU, TED",0.6605,633,-1.361,6,1,0.970516728,0,0.473871483,1.111534992,-0.473870814
"CARR, ELAN S.",0.4216,633,0.4436,8,0,0.834083272,0,0.473871483,1.111534992,-0.473870814
"BECERRA, XAVIER",-0.2028,634,NA,0,1,NA,1,0.677446284,1.155197496,-0.610829635
NA,NA,634,NA,NA,0,NA,0,0.677446284,1.155197496,-0.610829635
"TORRES, NORMA",0.5034,635,-0.2695,0,1,0.150316175,0,0.623567715,1.156963915,-0.22683659
NA,NA,635,NA,NA,0,NA,0,0.623567715,1.156963915,-0.22683659
"RUIZ, RAUL DR.",0.6384,636,-0.6088,7,1,0.503997958,1,0.597678999,1.372196252,-0.213741124
"NESTANDE, BRIAN",0.3806,636,0.892,6,0,0.996802042,0,0.597678999,1.372196252,-0.213741124
"BASS, KAREN",0.4965,637,-0.0438,0,1,0.681027531,1,0.655390848,1.221556798,-0.778311076
"KING, R ADAM",0.5428,637,0.0559,18,0,0.780727531,0,0.655390848,1.221556798,-0.778311076
"SANCHEZ, LINDA",0.3311,638,-0.588,0,1,0.582439306,1,0.610726863,1.222252833,-0.123375995
"CAMPOS, BENJAMIN",0.1512,638,0.8683,7,0,0.873860694,0,0.610726863,1.222252833,-0.123375995
"ANDERSON, PETER O",0.1919,639,-0.2073,5,1,0.266018759,0,0.579058983,1.256538224,-0.064845744
"ROYCE, ED MR.",0.5449,639,1.5248,6,0,1.466081241,1,0.579058983,1.256538224,-0.064845744
NA,NA,604,NA,NA,1,NA,0,0.490760131,1.420854655,0.166137344
"MCCLINTOCK, THOMAS",0.5966,604,0.1204,5,0,0.191990428,1,0.490760131,1.420854655,0.166137344
"ROYBAL-ALLARD, LUCILLE",0.666,640,-0.6153,1,1,0.243845129,1,0.637268594,1.358741665,-0.456544327
NA,NA,640,NA,NA,0,NA,0,0.637268594,1.358741665,-0.456544327
"TAKANO, MARK",0.5006,641,-0.6133,8,1,0.624460181,1,0.628462256,1.303306433,-0.108150648
"ADAMS, STEVE",0.1523,641,0.2514,5,0,0.240239819,0,0.628462256,1.303306433,-0.108150648
"SHERIDAN, TIMOTHY J",0.5825,642,-0.2565,7,1,0.647681268,0,0.561753215,1.377894705,0.237881073
"CALVERT, KEN",0.491,642,1.0524,7,0,0.661218732,1,0.561753215,1.377894705,0.237881073
"WATERS, MAXINE MS",NA,643,NA,NA,1,NA,1,0.666812103,1.148350126,-0.194450914
"WOOD, JOHN JR",0.737,643,-0.0054,5,0,0.078217029,0,0.666812103,1.148350126,-0.194450914
"HAHN, JANICE",0.8605,644,-1.6719,11,1,1.342006964,1,0.660095373,1.360563427,-0.418699813
NA,NA,644,NA,NA,0,NA,0,0.660095373,1.360563427,-0.418699813
"LEAVENS, DREW EUGENE",0.6503,645,-0.3505,16,1,0.635190539,0,0.526307078,1.390514528,0.140914953
"WALTERS, MIMI",0.5254,645,1.3347,10,0,1.050009461,0,0.526307078,1.390514528,0.140914953
"SANCHEZ, LORETTA",0.7364,646,-1.0259,11,1,1.006738277,1,0.630987089,1.420907808,-0.135760538
"NICK, ADAM",NA,646,NA,NA,0,NA,0,0.630987089,1.420907808,-0.135760538
"LOWENTHAL, ALAN",-0.7117,647,-0.5352,0,1,0.316146035,1,0.626041192,1.352279538,-0.317774271
"WHALLON, ANDREW",0.6118,647,-0.1516,4,0,0.067453965,0,0.626041192,1.352279538,-0.317774271
"SAVARY, SUZANNE JOYCE",0.5193,648,-0.9269,3,1,1.141364781,0,0.547276524,1.390270984,0.076970239
"ROHRABACHER, DANA",0.8337,648,0.5,6,0,0.285535219,1,0.547276524,1.390270984,0.076970239
"PEISER, DAVE",0.6135,649,-0.4038,18,1,0.457637654,0,0.528136159,1.314371598,-0.069290279
"ISSA, DARRELL",0.0082,649,NA,1,0,NA,1,0.528136159,1.314371598,-0.069290279
"THOMPSON, MIKE MR.",0.5884,605,-1.2141,9,1,0.825060779,1,0.57413467,1.299095999,-0.47255592
NA,NA,605,NA,NA,0,NA,0,0.57413467,1.299095999,-0.47255592
"KIMBER, JAMES HARVEY",0.7081,650,-0.8587,7,1,1.301759578,0,0.539831564,1.39642513,0.285119348
"HUNTER, DUNCAN D.",0.1947,650,1.8713,7,0,1.428240422,1,0.539831564,1.39642513,0.285119348
"VARGAS, JUAN C.",0.1802,651,-1.5334,2,1,1.366547379,1,0.628433011,1.292816326,-0.270241853
"MEADE, STEPHEN",NA,651,NA,NA,0,NA,0,0.628433011,1.292816326,-0.270241853
"PETERS, SCOTT",0.9788,652,-0.913,10,1,0.847680448,1,0.512093199,1.403308535,-0.177789977
"DEMAIO, CARL",0.5927,652,0.1594,15,0,0.224719552,0,0.512093199,1.403308535,-0.177789977
"DAVIS, SUSAN",0.8033,653,-1.766,9,1,1.431226712,1,0.579475193,1.292718464,-0.423143572
"WILSKE, LARRY ALBERT",0.4353,653,0.6628,10,0,0.997573288,0,0.579475193,1.292718464,-0.423143572
"MATSUI, DORIS",0.4648,606,-0.5083,8,1,0.290464717,1,0.643870701,1.34844857,-0.316664588
"MCCRAY, JOSEPH SR",0.3061,606,1.2415,5,0,1.459335283,0,0.643870701,1.34844857,-0.316664588
"BERA, AMERISH",0.5304,607,0.2854,6,1,0.137051916,1,0.574537076,1.380532459,0.016767068
"OSE, DOUG",0.5211,607,0.9256,9,0,0.777251916,0,0.574537076,1.380532459,0.016767068
"CONAWAY, ROBERT DEAN",0.0498,608,0.7551,0,1,0.399512222,0,0.587496675,1.075613372,0.205471091
"COOK, PAUL",0.4172,608,2.2666,8,0,1.911012222,1,0.587496675,1.075613372,0.205471091
"MCNERNEY, JERRY",0.5991,609,-0.2044,12,1,0.340352645,1,0.628704176,1.150746419,0.005480286
"AMADOR, ANTONIO CANDIA",0.3859,609,-0.1638,4,0,0.299752645,0,0.628704176,1.150746419,0.005480286
"DEGETTE, DIANA L.",0.952,801,-0.9471,6,1,0.624234196,1,0.555370524,1.325436621,-0.412301102
"WALSH, MARTIN H",0.3299,801,-0.1501,5,0,0.172765804,0,0.555370524,1.325436621,-0.412301102
"POLIS, JARED",-0.1812,802,-0.6839,7,1,0.545928315,1,0.467128456,1.396963558,-0.24394405
"LEING, GEORGE",0.4521,802,0.2322,7,0,0.370171685,0,0.467128456,1.396963558,-0.24394405
"TAPIA, ABEL J",0.4899,803,-0.0091,8,1,0.555863969,0,0.51427386,1.337023782,0.379548342
"TIPTON, SCOTT R.",0.6408,803,1.2058,12,0,0.659036031,1,0.51427386,1.337023782,0.379548342
"MEYERS, VICTOR S",0.5701,804,0.244,12,1,0.34846979,0,0.493509551,1.378252692,0.421166201
"BUCK, KENNETH R",0.0665,804,0.3121,5,0,0.28036979,0,0.493509551,1.378252692,0.421166201
"HALTER, IRVING LESLIE JR",0.3728,805,0.5413,7,1,0.142713568,0,0.517905267,1.312857328,0.504522236
"LAMBORN, DOUGLAS L",0.2445,805,1.7321,0,0,1.048086432,1,0.517905267,1.312857328,0.504522236
"ROMANOFF, ANDREW",0.7944,806,-0.2367,11,1,0.376047925,0,0.532725449,1.449318148,0.00857189
"COFFMAN, MICHAEL",0.4447,806,0.748,4,0,0.608652075,1,0.532725449,1.449318148,0.00857189
"PERLMUTTER, EDWIN G",0.4825,807,-0.111,10,1,0.138859826,1,0.510141597,1.37295417,-0.092944631
"YTTERBERG, DONALD G W",0.4551,807,0.6379,6,0,0.610040174,0,0.510141597,1.37295417,-0.092944631
"LARSON, JOHN B",0.7568,901,-0.8511,8,1,0.71028689,1,0.550620919,1.297104433,-0.246531335
"COREY, MATTHEW M",0.4723,901,1.175,11,0,1.31581311,0,0.550620919,1.297104433,-0.246531335
"COURTNEY, JOSEPH D",0.7085,902,-0.9405,5,1,0.830018626,1,0.478620826,1.33253764,-0.218912492
"CAVANAGH, LORI HOPKINS",0.5483,902,0.4953,15,0,0.605781374,0,0.478620826,1.33253764,-0.218912492
"DELAURO, ROSA L",1.0675,903,-1.536,21,1,1.35663578,1,0.534710533,1.313084662,-0.281634406
"BROWN, JAMES E",0.464,903,0.7463,18,0,0.92566422,0,0.534710533,1.313084662,-0.281634406
"HIMES, JIM",0.7956,904,-0.6223,36,1,0.439313851,1,0.52803886,1.289391838,-0.284932387
"DEBICELLA, DAN",0.5044,904,0.5935,8,0,0.776486149,0,0.52803886,1.289391838,-0.284932387
"ESTY, ELIZABETH",0.9218,905,-0.4195,27,1,0.498944505,1,0.522208741,1.343939638,-0.045973724
"GREENBERG, MARK",0.6559,905,1.2277,10,0,1.148255495,0,0.522208741,1.343939638,-0.045973724
"CARNEY, JOHN",0.7237,1000,-0.0775,5,1,0.005376018,1,0.55403954,NA,-0.183985814
"IZZO, ROSE",0.1829,1000,0.2046,0,0,0.276723982,0,0.55403954,NA,-0.183985814
"BRYAN, JAMES E",0.5813,1201,-0.1736,8,1,0.715570954,0,0.549327647,1.264181968,0.375184018
"MILLER, JEFFERSON B.",0.5357,1201,1.6221,5,0,1.080129046,1,0.549327647,1.264181968,0.375184018
"MCKENNA, MICHAEL PATRICK",0.5224,1210,-0.3678,10,1,0.698544716,0,0.542308596,1.34708331,0.182850011
"WEBSTER, DANIEL",0.511,1210,1.4237,7,0,1.092955284,1,0.542308596,1.34708331,0.182850011
"KOLLER, DAVID C",0.5003,1211,0.0956,10,1,0.312213472,0,0.512715804,1.296342827,0.25302568
"NUGENT, RICHARD B",0.1653,1211,0.4891,0,0,0.081286528,1,0.512715804,1.296342827,0.25302568
NA,NA,1212,NA,NA,1,NA,0,0.4835306,1.286253561,0.094979883
"BILIRAKIS, GUS M",0.7931,1212,0.3259,7,0,0.091656557,1,0.4835306,1.286253561,0.094979883
NA,NA,1213,NA,NA,1,NA,0,0.500614314,1.356651335,-0.020402823
"JOLLY, DAVID W.",0.4932,1213,1.3078,10,0,1.200272863,1,0.500614314,1.356651335,-0.020402823
"CASTOR, KATHY",0.7812,1214,-1.2376,5,1,1.143194361,1,0.607636899,1.362814229,-0.204274583
NA,NA,1214,NA,NA,0,NA,0,0.607636899,1.362814229,-0.204274583
"COHN, ALAN MICHAEL",0.5543,1215,-0.4551,11,1,0.739795077,0,0.546649042,1.345494722,0.140919085
"ROSS, DENNIS ALAN",0.6368,1215,1.4038,10,0,1.119104923,1,0.546649042,1.345494722,0.140919085
"LAWRENCE, HENRY",0.9482,1216,-1.8066,9,1,1.998797887,0,0.501827374,1.291867559,0.056694912
"BUCHANAN, VERNON",0.4846,1216,1.7505,3,0,1.558302113,1,0.501827374,1.291867559,0.056694912
"BRONSON, WILLIAM EMERY",0.5876,1217,-0.6357,15,1,1.021642605,0,0.531924108,1.084337356,0.23311096
"ROONEY, TOM MR.",0.3833,1217,1.0577,7,0,0.671757395,1,0.531924108,1.084337356,0.23311096
"MURPHY, PATRICK",0.7499,1218,-0.0325,15,1,0.29712789,1,0.529970696,1.25941968,0.122646722
"DOMINO, CARL J",0.5062,1218,0.4731,8,0,0.20847211,0,0.529970696,1.25941968,0.122646722
"FREEMAN, APRIL JUNE",0.7339,1219,0.0831,3,1,0.29028463,0,0.514428312,1.244759988,0.221676179
"CLAWSON, CURTIS J",0.5865,1219,0.6029,4,0,0.22951537,1,0.514428312,1.244759988,0.221676179
"GRAHAM, GWEN",0.0499,1202,0.2016,1,1,0.047415087,0,0.582658368,1.331829787,0.10843034
"SOUTHERLAND, WILLIAM STEVE II",0.6073,1202,1.2871,11,0,1.038084913,1,0.582658368,1.331829787,0.10843034
"HASTINGS, ALCEE L",0.5342,1220,NA,0,1,NA,1,0.623242519,1.299704343,-0.42276662
"BONNER, JAY ALAN",0.508,1220,1.0611,7,0,1.395459309,0,0.623242519,1.299704343,-0.42276662
"DEUTCH, THEODORE ELIOT",1.0184,1221,-0.5539,7,1,0.488604832,1,0.520337723,1.270823795,-0.177767774
NA,NA,1221,NA,NA,0,NA,0,0.520337723,1.270823795,-0.177767774
"FRANKEL, LOIS J.",0.7134,1222,-0.8372,7,1,0.674002828,1,0.528257813,1.344970374,-0.26691335
"SPAIN, PAUL DOUGLAS",0.5558,1222,0.0755,12,0,0.238697172,0,0.528257813,1.344970374,-0.26691335
"WASSERMAN SCHULTZ, DEBBIE",0.6443,1223,-1.9806,0,1,1.696460165,1,0.537833095,1.225906502,-0.377038812
"KAUFMAN, JOE",0.5222,1223,0.5384,12,0,0.822539835,0,0.537833095,1.225906502,-0.377038812
"WILSON, FREDERICA S",0.2008,1224,-1.2058,0,1,0.876800773,1,0.624961947,1.370893745,-0.417885947
"NEREE, DUFIRSTSON JULIO",NA,1224,NA,NA,0,NA,0,0.624961947,1.370893745,-0.417885947
NA,NA,1225,NA,NA,1,NA,0,0.533780589,1.246651958,-0.129438256
"DIAZ-BALART, MARIO",0.1696,1225,0.1855,0,0,0.197718427,1,0.533780589,1.246651958,-0.129438256
"GARCIA, JOE",1.0177,1226,-0.8372,6,1,0.691667901,1,0.528669959,NA,-0.250828255
"CURBELO, CARLOS MR.",0.2071,1226,0.8292,6,0,0.974732099,0,0.528669959,NA,-0.250828255
NA,NA,1227,NA,NA,1,NA,0,0.539761548,NA,-0.326381961
"ROS-LEHTINEN, ILEANA",0.7591,1227,0.7007,10,0,0.929207156,1,0.539761548,NA,-0.326381961
"WHEELER, MARIHELEN HADDOCK",0.5747,1203,-0.1733,9,1,0.555178257,0,0.552905059,1.285166805,0.22941013
"YOHO, THEODORE SCOTT",0.3565,1203,1.5668,10,0,1.184921743,1,0.552905059,1.285166805,0.22941013
NA,NA,1204,NA,NA,1,NA,0,0.531828127,1.3277069,0.292906838
"CRENSHAW, ANDER",0.6568,1204,1.197,9,0,0.745387997,1,0.531828127,1.3277069,0.292906838
"BROWN, CORRINE",0.7011,1205,-0.1415,9,1,0.169785813,1,0.629528285,1.302439424,-0.092556745
"SCURRY-SMITH, GLOREATHA",0.3746,1205,0.6789,6,0,0.650614187,0,0.629528285,1.302439424,-0.092556745
"COX, DAVID",0.4414,1206,-0.0673,5,1,0.36832384,0,0.523100695,1.336553867,0.155787392
"DESANTIS, RONALD D",0.2573,1206,NA,0,0,NA,1,0.523100695,1.336553867,0.155787392
"NEUMAN, WESLEY RYAN",0.7437,1207,-0.4073,70,1,0.510523386,0,0.517153654,1.348924224,-0.024321644
"MICA, JOHN L. MR.",0.736,1207,0.5718,12,0,0.468576614,1,0.517153654,1.348924224,-0.024321644
"ROTHBLATT, GABRIEL",0.4602,1208,0.1019,9,1,0.347687863,0,0.519209705,1.35130956,0.291063739
"POSEY, BILL",0.769,1208,0.5593,11,0,0.109712137,1,0.519209705,1.35130956,0.291063739
"GRAYSON, ALAN MARK",1.1254,1209,-1.4455,9,1,1.583188102,1,0.571578952,1.35477068,0.007060523
"PLATT, CAROL",0.2866,1209,NA,0,0,NA,0,0.571578952,1.35477068,0.007060523
"REESE, BRIAN CORWIN",0.882,1301,-1.0412,7,1,1.424678647,0,0.592473768,1.203868469,0.23086738
"CARTER, EARL LEROY",0.8427,1301,0.9709,15,0,0.587421353,0,0.592473768,1.203868469,0.23086738
"DIOUS, IVORY KENNETH",0.6566,1310,-0.0367,11,1,0.483325071,0,0.580690101,1.324237996,0.288365941
"HICE, JODY",0.5852,1310,1.3685,12,0,0.921874929,0,0.580690101,1.324237996,0.288365941
NA,NA,1311,NA,NA,1,NA,0,0.539426418,1.271403587,0.310765801
"LOUDERMILK, BARRY",0.7068,1311,1.2861,8,0,0.814874817,0,0.539426418,1.271403587,0.310765801
"BARROW, JOHN J.",0.5321,1312,0.5197,4,1,0.137734729,1,0.612162688,1.234672206,0.229489361
"ALLEN, RICHARD W",0.3424,1312,2.0351,11,0,1.653134729,0,0.612162688,1.234672206,0.229489361
"SCOTT, DAVID ALBERT",NA,1313,NA,NA,1,NA,1,0.605009897,1.270853486,-0.085401838
NA,NA,1313,NA,NA,0,NA,0,0.605009897,1.270853486,-0.085401838
NA,NA,1314,NA,NA,1,NA,0,0.531897985,NA,0.479237612
"GRAVES, JOHN THOMAS MR. JR.",0.3439,1314,2.8427,1,0,2.186454667,1,0.531897985,NA,0.479237612
"BISHOP, SANFORD D JR",0.8498,1302,-1.0293,10,1,1.343806626,1,0.626804268,1.21510612,0.168064267
"DUKE, GREGORY PAUL",0.0204,1302,0.7227,0,0,0.408193374,0,0.626804268,1.21510612,0.168064267
NA,NA,1303,NA,NA,1,NA,0,0.566192731,1.295124682,0.356355588
"WESTMORELAND, LYNN A.",0.5364,1303,1.2892,9,0,0.76790692,1,0.566192731,1.295124682,0.356355588
"JOHNSON, HENRY C 'HANK'",0.947,1304,-0.4277,10,1,0.25860216,1,0.607164621,1.320035241,-0.272286258
NA,1.2414,1304,1.3063,NA,0,1.47539784,0,0.607164621,1.320035241,-0.272286258
"LEWIS, JOHN R.",0.6517,1305,-0.9735,6,1,0.474391471,1,0.614245804,1.227234693,-0.572780548
NA,NA,1305,NA,NA,0,NA,0,0.614245804,1.227234693,-0.572780548
"MONTIGEL, ROBERT G",0.5519,1306,-0.0627,6,1,0.221229446,0,0.515238799,1.410228099,0.026037801
"PRICE, THOMAS EDMUNDS",0.6203,1306,1.341,5,0,1.182470554,1,0.515238799,1.410228099,0.026037801
"WIGHT, THOMAS DEE",0.6012,1307,-0.1634,0,1,0.57410099,0,0.591321735,1.330452511,0.255654936
"WOODALL, ROB REP.",0.5409,1307,0.9811,9,0,0.57039901,1,0.591321735,1.330452511,0.255654936
NA,NA,1308,NA,NA,1,NA,0,0.600046659,1.247532827,0.339968113
"SCOTT, JAMES AUSTIN",1.1112,1308,0.9647,0,0,0.461404074,1,0.600046659,1.247532827,0.339968113
"VOGEL, DAVID DONALD",0.3787,1309,-0.4258,0,1,1.314797443,0,0.529907997,1.23678077,0.691172202
"COLLINS, DOUGLAS ALLEN",0.7624,1309,1.5799,10,0,0.690902557,1,0.529907997,1.23678077,0.691172202
"TAKAI, KYLE MARK",0.5685,1501,-0.1857,11,1,0.059635878,0,0.596062052,1.366480024,-0.233101508
"DJOU, CHARLES K",0.6159,1501,0.7351,10,0,0.861164122,0,0.596062052,1.366480024,-0.233101508
"GABBARD, TULSI",0.2415,1502,0.2729,11,1,0.308656952,1,0.632809479,1.540843926,-0.150871478
"Crowley, Kawika",0.3547,1502,0.1768,1,0,0.212556952,0,0.632809479,1.540843926,-0.150871478
"MURPHY, PATRICK JOSEPH",1.2198,1901,-0.7588,10,1,0.969169882,0,0.474988416,1.30910713,0.073241591
"BLUM, RODNEY LELAND",0.5763,1901,0.9126,16,0,0.702230118,0,0.474988416,1.30910713,0.073241591
"LOEBSACK, DAVID WAYNE",0.5964,1902,0.0048,9,1,0.037640089,1,0.494333875,1.338527968,-0.079668438
"MILLER-MEEKS, MARIANNETTE JANE",0.5111,1902,0.593,8,0,0.550559911,0,0.494333875,1.338527968,-0.079668438
"APPEL, STACI",0.5103,1903,-0.4338,6,1,0.837253543,0,0.483290494,1.369682866,0.249055706
"YOUNG, DAVID",0.467,1903,0.6776,7,0,0.274146457,0,0.483290494,1.369682866,0.249055706
"MOWRER, JIM",0.1406,1904,NA,0,1,NA,0,0.478051738,1.350473746,0.290197323
"KING, STEVE MR.",0.7377,1904,1.265,6,0,0.816363657,1,0.478051738,1.350473746,0.290197323
"RINGO, SHIRLEY G",0.6908,1601,-0.0167,5,1,0.73352411,0,0.486698635,1.300263591,0.534398179
"LABRADOR, RAUL R. REP.",1.3868,1601,0.9828,7,0,0.26597589,1,0.486698635,1.300263591,0.534398179
"STALLINGS, RICHARD",0.4634,1602,0.2016,3,1,0.224963395,0,0.503104895,1.285652133,0.270098596
"SIMPSON, MICHAEL",0.8417,1602,1.1205,9,0,0.693936605,1,0.503104895,1.285652133,0.270098596
"RUSH, BOBBY LEE",NA,1701,NA,NA,1,NA,1,0.607927652,1.205505922,-0.445100767
"Tillman, Jimmy Lee",0.6069,1701,-0.8906,1,0,0.531712746,0,0.607927652,1.205505922,-0.445100767
"SCHNEIDER, BRADLEY SCOTT",0.7372,1710,-0.4558,12,1,0.401358536,1,0.534130315,1.314020373,-0.167884833
"DOLD, ROBERT JAMES JR",0.5054,1710,0.674,26,0,0.728441464,0,0.534130315,1.314020373,-0.167884833
"FOSTER, G. WILLIAM (BILL)",0.5299,1711,-0.5566,8,1,0.595938603,1,0.570380876,1.28175974,-0.082492525
"SENGER, DARLENE",0.3996,1711,1.5863,4,0,1.546961397,0,0.570380876,1.28175974,-0.082492525
"ENYART, WILLIAM L. JR.",0.2986,1712,0.2467,0,1,0.110827963,1,0.552002644,1.248877529,0.207237744
"BOST, MICHAEL J",0.3391,1712,0.9047,8,0,0.547172037,0,0.552002644,1.248877529,0.207237744
"CALLIS, ANN",0.5705,1713,-0.7211,15,1,1.006690985,0,0.53742224,1.358996194,0.141734863
"DAVIS, RODNEY L",0.4912,1713,0.8091,6,0,0.523509015,1,0.53742224,1.358996194,0.141734863
"ANDERSON, DENNIS",0.8403,1714,-0.74,12,1,0.917333958,0,0.469004595,1.312782262,0.043160424
"HULTGREN, RANDY",0.6235,1714,0.7933,10,0,0.615966042,1,0.469004595,1.312782262,0.043160424
"THORSLAND, ERIC LEE",0.5439,1715,-0.7507,11,1,1.168869513,0,0.486132842,1.290858949,0.262455469
"SHIMKUS, JOHN M",0.7083,1715,0.3749,13,0,0.043269513,1,0.486132842,1.290858949,0.262455469
"OLSEN, RANDALL WAYNE",0.5726,1716,-0.0542,8,1,0.40823419,0,0.48100736,1.292088871,0.204056457
"KINZINGER, ADAM",0.5463,1716,1.4878,8,0,1.13376581,1,0.48100736,1.292088871,0.204056457
"BUSTOS, CHERI",0.4903,1717,0.1531,4,1,0.056789157,1,0.53866138,1.290261261,0.072803862
"SCHILLING, ROBERT T.",0.7668,1717,0.5905,7,0,0.380610843,0,0.53866138,1.290261261,0.072803862
"MILLER, DARREL ERVIN",0.6908,1718,-0.2648,13,1,0.616313878,0,0.470760934,1.276276756,0.201761563
"SCHOCK, AARON JON MR.",0.1737,1718,NA,0,0,NA,1,0.470760934,1.276276756,0.201761563
"KELLY, ROBIN L.",0.6852,1702,-0.4366,8,1,0.143389399,1,0.61001516,1.096617934,-0.385298282
"WALLACE, ERIC M.",0.3316,1702,0.4286,9,0,0.721810601,0,0.61001516,1.096617934,-0.385298282
"LIPINSKI, DANIEL WILLIAM WILLIAM",1.1874,1703,-0.8769,10,1,0.978935212,1,0.541824416,1.224015781,-0.025403547
"BRANNIGAN, SHARON M",0.5854,1703,0.3313,1,0,0.229264788,0,0.541824416,1.224015781,-0.025403547
"GUTIERREZ, LUIS V",NA,1704,NA,NA,1,NA,1,0.622369654,1.234724381,-0.494229738
"CONCEPCION, HECTOR L",0.0261,1704,NA,0,0,NA,0,0.622369654,1.234724381,-0.494229738
"QUIGLEY, MIKE",0.9744,1705,-0.9736,11,1,0.495001858,1,0.505249761,1.198997962,-0.554104625
"KOLBER, VINCENT A",0.6824,1705,-0.324,1,0,0.154598142,0,0.505249761,1.198997962,-0.554104625
"Mason, Michael",0.5553,1706,-0.5394,7,1,0.61839337,0,0.456251008,1.335172259,-0.046384509
"ROSKAM, PETER",0.6258,1706,0.4951,4,0,0.41610663,1,0.456251008,1.335172259,-0.046384509
"DAVIS, DANNY K. MR.",NA,1707,NA,NA,1,NA,1,0.630655482,1.167558185,-0.699602611
"Bumpers, Robert",NA,1707,NA,NA,0,NA,0,0.630655482,1.167558185,-0.699602611
"DUCKWORTH, L. TAMMY",0.4115,1708,NA,0,1,NA,1,0.560662131,1.327860564,-0.232557276
"KAIFESH, LAWRENCE JOSEPH",0.2915,1708,1.5613,1,0,1.686766432,0,0.560662131,1.327860564,-0.232557276
"SCHAKOWSKY, JANICE D",0.4883,1709,NA,0,1,NA,1,0.533971176,1.236828853,-0.64352179
"Atanus, Susanne",NA,1709,NA,NA,0,NA,0,0.533971176,1.236828853,-0.64352179
"VISCLOSKY, PETER J.",0.6843,1801,-0.625,7,1,0.71853303,1,0.572061518,1.199691299,-0.033145287
"LEYVA, MARK J",0.512,1801,0.7394,5,0,0.64586697,0,0.572061518,1.199691299,-0.033145287
"BOCK, JOSEPH",0.5039,1802,-0.12,9,1,0.511549577,0,0.518638567,1.274618683,0.23821644
"WALORSKI SWIHART, JACKIE",0.3008,1802,1.2329,4,0,0.841350423,1,0.518638567,1.274618683,0.23821644
"KUHNLE, JUSTIN JAMES",0.4947,1803,0.2621,9,1,0.176522116,0,0.505718679,1.28775372,0.281078776
"STUTZMAN, MARLIN A",0.5734,1803,1.127,9,0,0.688377884,1,0.505718679,1.28775372,0.281078776
"DALE, JOHN",0.6805,1804,-0.3129,6,1,0.75973584,0,0.486942662,1.282440835,0.288557859
"ROKITA, THEODORE EDWARD",0.8243,1804,NA,0,0,NA,1,0.486942662,1.282440835,0.288557859
"DENNEY, SHAWN ALLEN",0.4128,1805,-0.703,5,1,1.112591423,0,0.487840285,1.311458006,0.25464461
"BROOKS, SUSAN MRS.",0.5871,1805,1.301,8,0,0.891408577,1,0.487840285,1.311458006,0.25464461
"HEITZMAN, SUSAN HALL",0.4252,1806,-0.6733,4,1,1.132304801,0,0.480521672,1.256394484,0.299638419
"MESSER, ALLEN LUCAS",0.7568,1806,1.0174,7,0,0.558395199,1,0.480521672,1.256394484,0.299638419
"CARSON, ANDRE",0.6078,1807,NA,0,1,NA,1,0.617050574,1.242614762,-0.044780201
"PING, CATHERINE LOUISE ""CAT""",0.384,1807,0.8686,13,0,0.787844737,0,0.617050574,1.242614762,-0.044780201
"SPANGLER, TOM",0.7559,1808,0.5327,10,1,0.024816646,0,0.484817791,1.224525386,0.344145238
"BUCSHON, LARRY D.",0.1227,1808,NA,0,0,NA,1,0.484817791,1.224525386,0.344145238
"BAILEY, BILL",0.4562,1809,-0.1202,11,1,0.414658831,0,0.487665558,1.259567792,0.149809562
"YOUNG, TODD CHRISTOPHER",0.7465,1809,0.8608,8,0,0.566341169,1,0.487665558,1.259567792,0.149809562
"SHEROW, JAMES EARL",0.5641,2001,0.4149,11,1,0.032803791,0,0.506870279,1.237374124,0.229608588
"HUELSKAMP, TIMOTHY A REPRESENTA",0.8575,2001,1.4149,8,0,1.032803791,1,0.506870279,1.237374124,0.229608588
"WAKEFIELD, MARGIE",0.46,2002,-0.2256,6,1,0.502312971,0,0.511636469,1.259791593,0.133650905
"JENKINS, LYNN",0.4918,2002,1.6272,15,0,1.350487029,1,0.511636469,1.259791593,0.133650905
"KULTALA, KELLY D",0.7306,2003,-0.7339,4,1,0.912744682,0,0.503382709,1.349372072,0.044536028
"YODER, KEVIN",0.7892,2003,0.5592,6,0,0.380355318,1,0.503382709,1.349372072,0.044536028
"SCHUCKMAN, PERRY L",0.2435,2004,0.776,0,1,0.505578282,0,0.528206326,1.284379855,0.127922346
"POMPEO, MICHAEL R",0.7016,2004,1.9448,7,0,1.674378282,1,0.528206326,1.284379855,0.127922346
"Hatchett, Charles",0.1549,2101,-0.5494,5,1,1.105576013,0,0.515572723,1.162327288,0.388118566
"WHITFIELD, EDWARD",0.638,2101,0.5909,8,0,0.034723987,1,0.515572723,1.162327288,0.388118566
"LEACH, RONALD ALLEN",0.451,2102,-0.2416,6,1,0.731416623,0,0.506327603,1.20791566,0.327694409
"GUTHRIE, STEVEN BRETT",0.7267,2102,1.1375,15,0,0.647683377,1,0.506327603,1.20791566,0.327694409
"YARMUTH, JOHN A",0.8493,2103,-1.4445,6,1,1.576349657,1,0.566042188,1.30513427,0.001744272
"MCFARLANE, MICHAEL",0.5111,2103,0.8546,11,0,0.722750343,0,0.566042188,1.30513427,0.001744272
"Newberry, Peter",NA,2104,NA,0,1,NA,0,0.483604434,1.311077841,0.387952974
"MASSIE, THOMAS H.",0.6324,2104,1.2375,14,0,0.681505844,1,0.483604434,1.311077841,0.387952974
"STEPP, KENNETH STEPHENSON",0.1318,2105,NA,0,1,NA,0,0.505909189,1.111049326,0.326767185
"ROGERS, HAROLD D",NA,2105,NA,NA,0,NA,1,0.505909189,1.111049326,0.326767185
"JENSEN, ELISABETH",0.7279,2106,-0.6405,10,1,0.887266768,0,0.534271271,1.275226155,0.106383112
"BARR, GARLAND ANDY",0.6514,2106,1.5326,10,0,1.285833232,1,0.534271271,1.275226155,0.106383112
"Dugas, Lee",0.3863,2201,-0.5487,3,1,1.215737659,0,0.53268999,1.315400804,0.489064665
"SCALISE, STEVE MR.",0.4226,2201,NA,0,0,NA,1,0.53268999,1.315400804,0.489064665
"RICHMOND, CEDRIC L",0.5499,2202,-0.5112,4,1,0.495873806,1,0.618061719,1.213615326,-0.132268062
NA,NA,2202,NA,NA,0,NA,0,0.618061719,1.213615326,-0.132268062
NA,NA,2203,NA,NA,1,NA,0,0.574007645,1.235395288,0.447312724
"BOUSTANY, CHARLES W. DR. JR.",0.5686,2203,1.5675,9,0,0.946315414,1,0.574007645,1.235395288,0.447312724
NA,NA,2204,NA,NA,1,NA,0,0.596435495,1.268572232,0.442256886
"FLEMING, JOHN C MR. JR.",0.3972,2204,1.5065,8,0,0.890867868,1,0.596435495,1.268572232,0.442256886
"MAYO, JAMIE",0.047,2205,0.2568,1,1,0.467839224,0,0.602322456,1.18974843,0.541514303
"MCALLISTER, VANCE MICHAEL",NA,2205,NA,7,0,NA,1,0.602322456,1.18974843,0.541514303
"EDWARDS, EDWIN WASHINGTON",0.4487,2206,0.1247,8,1,0.496284213,0,0.554895849,1.285549423,0.447130273
"GRAVES, GARRET",0.4935,2206,0.9873,10,0,0.366315787,0,0.554895849,1.285549423,0.447130273
"NEAL, RICHARD E MR.",0.5861,2501,1.0253,1,1,1.150654321,1,0.530034325,1.250594739,-0.232455192
NA,NA,2501,NA,NA,0,NA,0,0.530034325,1.250594739,-0.232455192
"MCGOVERN, JIM",0.6633,2502,-0.9231,0,1,0.764820462,1,0.501222439,1.210757425,-0.262435553
NA,NA,2502,NA,NA,0,NA,0,0.501222439,1.210757425,-0.262435553
"TSONGAS, NICOLA S",0.5492,2503,-1.277,11,1,1.097744389,1,0.536085574,1.210331014,-0.281535511
"WOFFORD, ROSEANN EHRHARD",0.2295,2503,0.5811,4,0,0.760355611,0,0.536085574,1.210331014,-0.281535511
"KENNEDY, JOSEPH P III",0.3655,2504,NA,0,1,NA,1,0.453216838,1.272950068,-0.298265793
NA,NA,2504,NA,NA,0,NA,0,0.453216838,1.272950068,-0.298265793
"CLARK, KATHERINE",0.6725,2505,-2.064,0,1,1.526397565,1,0.486095945,1.315166157,-0.60783153
NA,NA,2505,NA,NA,0,NA,0,0.486095945,1.315166157,-0.60783153
"MOULTON, SETH",0.5725,2506,-0.1765,24,1,0.071357433,0,0.469631175,1.342550645,-0.214051192
"TISEI, RICHARD R.",0.494,2506,0.6074,5,0,0.712542567,0,0.469631175,1.342550645,-0.214051192
"CAPUANO, MICHAEL E",0.8811,2507,-1.6072,12,1,0.825993814,1,0.628952422,1.326019958,-0.829647182
NA,NA,2507,NA,NA,0,NA,0,0.628952422,1.326019958,-0.829647182
"LYNCH, STEPHEN F",0.3761,2508,0.3037,5,1,0.539781969,1,0.506069374,1.208994453,-0.333279277
NA,NA,2508,NA,NA,0,NA,0,0.506069374,1.208994453,-0.333279277
"KEATING, WILLIAM RICHARD",0.3382,2509,1.5386,0,1,1.483429841,1,0.481015287,1.238688868,-0.068076955
"CHAPMAN, JOHN C",0.3961,2509,0.8833,10,0,0.828129841,0,0.481015287,1.238688868,-0.068076955
"TILGHMAN, WILLIAM F",0.4904,2401,-0.2099,7,1,0.629820112,0,0.502029554,1.274007452,0.264049493
"HARRIS, ANDREW P",0.4752,2401,1.2256,10,0,0.805679888,1,0.502029554,1.274007452,0.264049493
"RUPPERSBERGER, C.A. DUTCH",0.9189,2402,-0.9161,9,1,0.910119025,1,0.576967214,1.248091881,-0.123758686
"BANACH, DAVID MICHAEL",0.6293,2402,0.1299,15,0,0.135880975,0,0.576967214,1.248091881,-0.123758686
"SARBANES, JOHN PETER SPYROS",0.4107,2403,-0.0949,5,1,0.233555531,1,0.541854718,1.277819509,-0.41739088
"LONG, CHARLES A",0.4169,2403,-0.2003,12,0,0.128155531,0,0.541854718,1.277819509,-0.41739088
"EDWARDS, DONNA FERN",0.7327,2404,-1.0221,8,1,0.641122794,1,0.578781059,1.138436736,-0.465214977
"HOYT, NANCY JONES",0.394,2404,0.6874,6,0,1.068377206,0,0.578781059,1.138436736,-0.465214977
"HOYER, STENY HAMILTON",0.9031,2405,-1.9394,7,1,1.809759246,1,0.554849171,1.265847727,-0.236358243
"CHAFFEE, CHRISTOPHER PARRY",0.3516,2405,1.0479,7,0,1.177540754,0,0.554849171,1.265847727,-0.236358243
"DELANEY, JOHN K",0.8223,2406,-0.4364,13,1,0.339124516,1,0.542290668,1.325854132,-0.206887747
"BONGINO, DANIEL",0.3908,2406,0.9933,6,0,1.090575484,0,0.542290668,1.325854132,-0.206887747
"CUMMINGS, ELIJAH E",0.4899,2407,-0.4226,8,1,0.063129977,1,0.593933671,1.192128139,-0.560598583
"Vaughn, Corrogan",0.7548,2407,0.1455,8,0,0.631229977,0,0.593933671,1.192128139,-0.560598583
"VAN HOLLEN, CHRISTOPHER",0.6786,2408,-0.2454,0,1,0.101268134,1,0.512183293,1.279266202,-0.433974534
"WALLACE, DAVID D II",0.7766,2408,-0.096,5,0,0.250668134,0,0.512183293,1.279266202,-0.433974534
"PINGREE, CHELLIE M",0.9345,2301,-1.1866,9,1,1.15885419,1,0.460123474,1.385559446,-0.143576858
"MISIUK, ISAAC JAMES",0.3327,2301,NA,0,0,NA,0,0.460123474,1.385559446,-0.143576858
"CAIN, EMILY ANN",0.7278,2302,-1.3664,10,1,1.613089215,0,0.475945124,1.24058233,0.106312496
"POLIQUIN, BRUCE L",0.5528,2302,0.4348,16,0,0.188110785,0,0.475945124,1.24058233,0.106312496
"CANNON, JERRY",0.5793,2601,-0.1943,12,1,0.504067409,0,0.487521684,1.246761384,0.163748929
"BENISHEK, DANIEL J. M.D.",0.5597,2601,0.7488,6,0,0.439032591,1,0.487521684,1.246761384,0.163748929
"HOLMES, JEFF",0.585,2610,-0.5874,1,1,0.92439517,0,0.47048013,1.23715397,0.188541419
"MILLER, CANDICE S.",0.5307,2610,0.5521,5,0,0.21510483,1,0.47048013,1.23715397,0.188541419
"MCKENZIE, BOBBY",NA,2611,NA,7,1,NA,0,0.47592347,1.313682877,0.140895301
"TROTT, DAVID A",0.4529,2611,1.4695,8,0,1.184831044,0,0.47592347,1.313682877,0.140895301
"DINGELL, DEBBIE",0.6375,2612,-0.712,8,1,0.527089202,0,0.545793243,1.298985581,-0.286684894
"BOWMAN, TERRENCE MICHAEL",0.3252,2612,0.59,4,0,0.774910798,0,0.545793243,1.298985581,-0.286684894
"CONYERS, JOHN JR.",1.0283,2613,-1.2938,5,1,1.056559495,1,0.633046408,1.107786983,-0.334334193
"Gorman, Jeff",0.0548,2613,1.01,1,0,1.247240505,0,0.633046408,1.107786983,-0.334334193
"LAWRENCE, BRENDA LULENAR",0.9099,2614,-1.9593,3,1,1.635200726,0,0.623293528,1.10439119,-0.41342425
"Barr, Christina",0.4737,2614,0.8272,9,0,1.151299274,0,0.623293528,1.10439119,-0.41342425
"VANDERSTELT, DEAN",0.569,2602,1.0427,7,1,0.763823423,0,0.51909293,1.263124498,0.135620996
"HUIZENGA, WILLIAM P THE HON.",0.4197,2602,-0.1359,5,0,0.414776577,1,0.51909293,1.263124498,0.135620996
"GOODRICH, ROBERT EMMETT",0.4824,2603,-1.6144,3,1,1.800415132,0,0.525958859,1.350215535,0.051065147
"AMASH, JUSTIN",0.7381,2603,NA,0,0,NA,1,0.525958859,1.350215535,0.051065147
"HOLMES, JEFF",0.4674,2604,-0.177,14,1,0.53940981,0,0.489006072,1.274029677,0.211682955
"MOOLENAAR, JOHN",0.4526,2604,0.9976,9,0,0.63519019,0,0.489006072,1.274029677,0.211682955
"KILDEE, DANIEL T.",0.5258,2605,-0.3797,7,1,0.554946448,1,0.560796277,1.231190228,0.041259622
"Hardwick, Allen",0.3541,2605,0.515,7,0,0.339753552,0,0.560796277,1.231190228,0.041259622
"CLEMENTS, PAUL COLIN",0.3957,2606,-0.1517,5,1,0.289677864,0,0.529797089,1.260572077,0.007324368
"UPTON, FREDERICK STEPHEN",0.6268,2606,0.7528,5,0,0.614822136,1,0.529797089,1.260572077,0.007324368
"BYRNES, PAM",0.6502,2607,-0.2624,9,1,0.688104939,0,0.485456583,1.286570883,0.269316921
"WALBERG, TIMOTHY L HON.",0.6704,2607,1.505,4,0,1.079295061,1,0.485456583,1.286570883,0.269316921
"SCHERTZING, ERIC ANTHONY",0.3144,2608,-1.336,6,1,1.470118224,0,0.497435036,1.378296282,0.003809937
"BISHOP, MIKE",0.4484,2608,0.7384,12,0,0.604281776,0,0.497435036,1.378296282,0.003809937
"LEVIN, SANDER M MR",0.7398,2609,-0.9297,4,1,1.089850201,1,0.525475569,1.362616337,0.027513595
"BRIKHO, GEORGE",0.4329,2609,1.1983,9,0,1.038149799,0,0.525475569,1.362616337,0.027513595
"WALZ, TIMOTHY J.",0.6631,2701,0.1933,8,1,0.038038278,1,0.478751567,1.287711224,0.092334558
"HAGEDORN, JAMES",0.6193,2701,0.6254,15,0,0.394061722,0,0.478751567,1.287711224,0.092334558
"OBERMUELLER, MICHAEL E.",0.4942,2702,-0.2629,10,1,0.462152993,0,0.475897617,1.397614936,0.063119004
"KLINE, JOHN PAUL JR",0.9375,2702,0.7669,5,0,0.567647007,1,0.475897617,1.397614936,0.063119004
"SUND, SHARON",0.2931,2703,-0.4185,1,1,0.552632657,0,0.477040127,1.373072582,0.003823079
"PAULSEN, ERIK",0.4699,2703,1.3194,6,0,1.185267343,1,0.477040127,1.373072582,0.003823079
"MCCOLLUM, BETTY",0.5444,2704,NA,0,1,NA,1,0.547463721,1.364930916,-0.437210081
"WALHGREN, SHARNA",0.2256,2704,2.6267,3,0,2.976921496,0,0.547463721,1.364930916,-0.437210081
"ELLISON, KEITH MAURICE",NA,2705,NA,13,1,NA,1,0.5731338,1.312590202,-0.850972248
"DAGGETT, DOUGLAS JAMES",0.3365,2705,0.2148,7,0,1.019425931,0,0.5731338,1.312590202,-0.850972248
"PERSKE, JOSEPH EMIL",0.4218,2706,-0.5104,6,1,0.889753163,0,0.461140107,1.358132982,0.227110882
"EMMER, THOMAS EARL JR",0.0117,2706,NA,0,0,NA,0,0.461140107,1.358132982,0.227110882
"PETERSON, COLLIN CLARK",0.6025,2707,-0.2942,7,1,0.540315022,1,0.478338255,1.190903847,0.105789659
"WESTROM, TORREY NORMAN",0.502,2707,-0.2607,6,0,0.506815022,0,0.478338255,1.190903847,0.105789659
"NOLAN, RICHARD MICHAEL",0.7135,2708,-0.9859,10,1,1.341684832,1,0.477941399,1.273172818,0.20565052
"MILLS, STEWART",0.5018,2708,0.5816,5,0,0.225815168,0,0.477941399,1.273172818,0.20565052
"CLAY, WILLIAM LACY JR",0.016,2901,NA,0,1,NA,1,0.615178655,1.224527412,-0.496613838
"Elder, Daniel",0.436,2901,0.3798,17,0,0.795260256,0,0.615178655,1.224527412,-0.496613838
"LIEBER, ARTHUR H",0.5928,2902,-0.3382,8,1,0.600278179,0,0.443045703,1.38072036,0.120325059
"WAGNER, ANN L.",0.0279,2902,NA,0,0,NA,1,0.443045703,1.38072036,0.120325059
"Denton, Courtney",NA,2903,NA,NA,1,NA,0,0.470938565,1.307731256,0.355556963
"LUETKEMEYER, W BLAINE",0.7071,2903,1.4972,9,0,0.976783991,1,0.470938565,1.307731256,0.355556963
"IRVIN, NATHANIEL AUGUSTUS",0.5559,2904,-0.1356,1,1,0.581834177,0,0.50793044,1.248807338,0.288010009
"HARTZLER, VICKY",0.4646,2904,0.748,4,0,0.301765823,1,0.50793044,1.248807338,0.288010009
"CLEAVER II, EMANUEL",-0.885,2905,-0.5077,1,1,0.53805973,1,0.579188397,1.385889649,-0.090668321
"TURK, JACOB",0.1207,2905,-1.6395,0,0,1.66985973,0,0.579188397,1.385889649,-0.090668321
"HEDGE, W A (BILL) DR",0.6113,2906,-2.004,4,1,2.581508078,0,0.480018575,1.318933822,0.407542675
"GRAVES, SAMUEL B ""SAM""",0.6534,2906,1.6483,9,0,1.070791922,1,0.480018575,1.318933822,0.407542675
"EVANS, JIM",0.6616,2907,-0.6171,16,1,1.201410308,0,0.498793587,1.336528569,0.413736509
"LONG, BILLY",0.5241,2907,1.1314,13,0,0.547089692,1,0.498793587,1.336528569,0.413736509
"STOCKER, BARBARA HAMILL",0.5202,2908,NA,0,1,NA,0,0.504961073,1.18688084,0.551958962
"SMITH, JASON T",0.7261,2908,1.7226,5,0,0.986490178,1,0.504961073,1.18688084,0.551958962
"DICKEY, RON",0.3335,2801,NA,0,1,NA,0,0.582362628,1.207041763,0.338293961
"NUNNELEE, PATRICK ALAN",NA,2801,NA,NA,0,NA,1,0.582362628,1.207041763,0.338293961
"THOMPSON, BENNIE G.",0.6594,2802,-4.1729,12,1,4.356809223,1,0.621167512,1.272340471,0.049147592
NA,NA,2802,NA,NA,0,NA,0,0.621167512,1.272340471,0.049147592
"MAGEE, DOUGLAS MACARTHUR (DOUG)",NA,2803,NA,NA,1,NA,0,0.600215225,1.294444258,0.399973762
"HARPER, GREGG",NA,2803,NA,NA,0,NA,1,0.600215225,1.294444258,0.399973762
"Moore, Matt",0.5522,2804,-0.7975,1,1,1.412149289,0,0.581995037,1.253442104,0.441361949
"PALAZZO, STEVEN MCCARTY",0.4403,2804,0.6365,6,0,0.021850711,1,0.581995037,1.253442104,0.441361949
"LEWIS, JOHN",0.4719,3000,-0.4804,13,1,0.868646909,0,0.500289169,NA,0.235209165
"ZINKE, RYAN K",0.3067,3000,1.1349,6,0,0.746653091,0,0.500289169,NA,0.235209165
"BUTTERFIELD, G K",0.4078,3701,-3.9168,0,1,3.784104202,1,0.637339343,1.19080937,-0.239140042
"RICH, ARTHUR JASON",0.4706,3701,-0.4988,23,0,0.366104202,0,0.637339343,1.19080937,-0.239140042
"MACQUEEN, TATE",0.9167,3710,-0.9232,20,1,1.332564293,0,0.544096524,1.206332955,0.254437795
"MCHENRY, PATRICK TIMOTHY",0.6938,3710,0.5225,5,0,0.113135707,1,0.544096524,1.206332955,0.254437795
"HILL, TOM",0.6893,3711,-0.6592,6,1,0.973546461,0,0.515328326,1.30806795,0.167918428
"MEADOWS, MARK R",0.5158,3711,2.0408,14,0,1.726453539,1,0.515328326,1.30806795,0.167918428
"ADAMS, ALMA SHEALEY",0.8225,3712,-1.1181,10,1,0.885961746,0,0.646575219,1.197228401,-0.329688291
"COAKLEY, VINCENT EDWARD",0.4802,3712,0.71,6,0,0.942138254,0,0.646575219,1.197228401,-0.329688291
"CLEARY, BRENDA LEWIS",0.3362,3713,-0.6157,8,1,0.818511145,0,0.530478256,1.34112615,0.066358913
"HOLDING, GEORGE E MR.",0.4382,3713,1.4478,11,0,1.244988855,1,0.530478256,1.34112615,0.066358913
"AIKEN, CLAYTON CLAY",0.5089,3702,0.0899,8,1,0.208107122,0,0.566124168,1.235151727,0.153040491
"ELLMERS, RENEE JACISIN",0.4801,3702,1.9778,10,0,1.679792878,1,0.566124168,1.235151727,0.153040491
"ADAME, MARSHALL RICHARD",0.7211,3703,-0.6793,8,1,1.052504102,0,0.566399761,1.289107335,0.221511798
"JONES, WALTER B.",0.9052,3703,3.3533,13,0,2.980095898,1,0.566399761,1.289107335,0.221511798
"PRICE, DAVID E.",0.7096,3704,-1.3818,6,1,1.114001889,1,0.603385943,1.375848258,-0.362158704
"Wright, Paul",0.3844,3704,0.8323,14,0,1.100098111,0,0.603385943,1.375848258,-0.362158704
"BRANNON, JOSHUA ""JOSH"" ETHAN",0.514,3705,-0.7375,0,1,1.082588417,0,0.550022501,1.295088113,0.1959108
"FOXX, VIRGINIA ANN",0.4269,3705,NA,0,0,NA,1,0.550022501,1.295088113,0.1959108
"FJELD, LAURA",0.2269,3706,0.5312,7,1,0.274055678,0,0.544661135,1.280783666,0.11583249
"WALKER, BRADLEY MARK",0.439,3706,1.2125,10,0,0.955355678,0,0.544661135,1.280783666,0.11583249
"BARFIELD, JONATHAN JR",0.3796,3707,-0.0787,7,1,0.463097309,0,0.577387635,1.279608144,0.231703876
"ROUZER, DAVID CHESTON MR.",0.4246,3707,1.5627,12,0,1.178302691,0,0.577387635,1.279608144,0.231703876
"BLUE, ANTONIO",NA,3708,NA,NA,1,NA,0,0.599041535,1.24501147,0.32146681
"HUDSON, RICHARD L. JR.",0.3729,3708,0.9171,12,0,0.434122689,1,0.599041535,1.24501147,0.32146681
NA,NA,3709,NA,NA,1,NA,0,0.494932677,1.346501511,0.1620588
"PITTENGER, ROBERT M. THE HON.",0.5134,3709,0.9875,6,0,0.679588735,1,0.494932677,1.346501511,0.1620588
"SINNER, GEORGE B",0.4171,3800,0.4478,9,1,0.019888875,0,0.493530939,NA,0.271325784
"CRAMER, KEVIN MR.",0.4345,3800,0.3809,4,0,0.047011125,1,0.493530939,NA,0.271325784
"CRAWFORD, DENNIS P",0.3257,3101,-0.0051,4,1,0.30642583,0,0.491102928,1.294868094,0.156062371
"FORTENBERRY, JEFFREY",0.1998,3101,0.3548,5,0,0.05347417,1,0.491102928,1.294868094,0.156062371
"ASHFORD, BRAD",0.0178,3102,-0.7958,0,1,1.050382547,0,0.524701447,1.293855178,0.113499842
"TERRY, LEE",0.4507,3102,-0.6202,0,0,0.874782547,1,0.524701447,1.293855178,0.113499842
"SULLIVAN, MARK",0.3391,3103,0.2292,14,1,0.457685615,0,0.477537152,1.211508078,0.507137405
"SMITH, ADRIAN",0.5858,3103,NA,0,0,NA,1,0.477537152,1.211508078,0.507137405
"SHEA-PORTER, CAROL",0.8869,3301,-0.5318,7,1,0.723980008,1,0.45377285,1.31952495,0.056678632
"GUINTA, FRANK",0.5792,3301,0.8438,11,0,0.651619992,0,0.45377285,1.31952495,0.056678632
"KUSTER, ANN MCLANE",0.8178,3302,-1.0279,8,1,1.027062686,1,0.453507162,1.356436924,-0.119075078
"GARCIA, MARILINDA",0.5849,3302,0.756,11,0,0.756837314,0,0.453507162,1.356436924,-0.119075078
"NORCROSS, DONALD W",0.5094,3401,-0.065,7,1,0.012614947,0,0.557607303,1.215715575,-0.188985663
"COBB, GARY WILBERT",0.5584,3401,0.9159,10,0,0.993514947,0,0.557607303,1.215715575,-0.188985663
"PAYNE, DONALD M., JR.",0.5687,3410,-0.5455,4,1,0.027404861,1,0.619946116,0.990422259,-0.639976481
"Dentley, Yolanda",0.5194,3410,-0.0875,7,0,0.485404861,0,0.619946116,0.990422259,-0.639976481
"DUNEC, MARK S",0.5386,3411,0.1747,3,1,0.152207154,0,0.452768539,1.328243073,-0.097831585
"FRELINGHUYSEN, RODNEY P.",0.4187,3411,0.2463,8,0,0.223807154,1,0.452768539,1.328243073,-0.097831585
"COLEMAN, BONNIE WATSON",0.4765,3412,NA,0,1,NA,0,0.570255243,1.269489209,-0.341627684
"ECK, ALIETA DR",0.3546,3412,1.7231,5,0,1.968350408,0,0.570255243,1.269489209,-0.341627684
"HUGHES, WILLIAM J JR",0.5205,3402,-0.6784,8,1,0.826296492,0,0.54960354,1.307155422,0.016355867
"LOBIONDO, FRANK A.",0.6184,3402,NA,0,0,NA,1,0.54960354,1.307155422,0.016355867
"BELGARD, AIMEE",0.5951,3403,-0.2078,11,1,0.210118001,0,0.487231759,1.296090365,-0.116201977
"MACARTHUR, THOMAS",0.6668,3403,0.1128,24,0,0.110481999,0,0.487231759,1.296090365,-0.116201977
"SCOLAVINO, RUBEN M",NA,3404,NA,NA,1,NA,0,0.488322864,1.260177284,0.002281987
"SMITH, CHRISTOPHER H.",0.9901,3404,-1.5951,6,0,1.727540189,1,0.488322864,1.260177284,0.002281987
"CHO, ROY",0.8916,3405,-0.9723,15,1,1.081941514,0,0.487471473,1.33060168,-0.018477558
"GARRETT, SCOTT REP.",0.4686,3405,0.5837,7,0,0.474058486,1,0.487471473,1.33060168,-0.018477558
"PALLONE, FRANK JR",0.7493,3406,-2.694,17,1,2.653604379,1,0.560229332,1.27720833,-0.155095261
"WILKINSON, ANTHONY E",0.3854,3406,0.6274,4,0,0.667795621,0,0.560229332,1.27720833,-0.155095261
"KOVACH, JANICE",0.6258,3407,-0.865,7,1,1.098407096,0,0.468995943,1.31688922,0.094218339
"LANCE, LEONARD",0.0236,3407,NA,0,0,NA,1,0.468995943,1.31688922,0.094218339
"SIRES, ALBIO",NA,3408,NA,NA,1,NA,1,0.62502266,1.249531934,-0.417789842
"Tiscornia, Jude Anthony",NA,3408,NA,NA,0,NA,0,0.62502266,1.249531934,-0.417789842
"PASCRELL, WILLIAM J. HON. JR.",0.7792,3409,-0.8481,6,1,0.588841627,1,0.593240104,1.292281411,-0.354382767
"PAUL, DIERDRE",0.0018,3409,-1.5662,0,0,1.306941627,0,0.593240104,1.292281411,-0.354382767
"GRISHAM, MICHELLE LUJAN",0.848,3501,-1.0908,8,1,0.968742947,1,0.579658985,1.451718146,-0.229452834
"FRESE, MICHAEL HARRY",0.028,3501,0.9328,1,0,1.054857053,0,0.579658985,1.451718146,-0.229452834
"LARA, ROXANNE",0.6533,3502,0.1042,6,1,0.228018708,0,0.569188061,1.300687885,0.184192168
"PEARCE, STEVAN E.",0.6094,3502,0.4284,11,0,0.096181292,1,0.569188061,1.300687885,0.184192168
"LUJAN, BEN R MR.",0.7837,3503,-1.7881,9,1,1.847654402,1,0.601339718,1.355498111,-0.064084842
"BYRD, JEFFERSON LEE",0.3832,3503,0.9222,14,0,0.862645598,0,0.601339718,1.355498111,-0.064084842
"TITUS, DINA",0.4195,3201,NA,0,1,NA,1,0.607279196,1.290611725,-0.015280835
"TEIJEIRO, ANNETTE",0.2136,3201,-0.3605,7,0,0.473652239,0,0.607279196,1.290611725,-0.015280835
"SPEES, KRISTEN",0.3783,3202,0.2279,19,1,0.089173511,0,0.527263344,1.400330654,0.170401568
"AMODEI, MARK EUGENE",0.4706,3202,0.7503,1,0,0.433226489,1,0.527263344,1.400330654,0.170401568
"KOHN, ERIN BILBRAY",0.7057,3203,0.3222,15,1,0.083604269,0,0.541828416,1.340364573,0.098942899
"HECK, JOE",0.3395,3203,1.7729,7,0,1.534304269,1,0.541828416,1.340364573,0.098942899
"HORSFORD, STEVEN ALEXZANDER",0.8023,3204,-0.5127,4,1,0.729675326,1,0.591132727,NA,0.079256239
"HARDY, CRESENT",0.3199,3204,0.8722,5,0,0.655224674,0,0.591132727,NA,0.079256239
"BISHOP, TIMOTHY",0.7908,3601,-0.7763,6,1,0.771209275,1,0.475166235,1.263603897,-0.122948061
"ZELDIN, LEE M",0.4649,3601,1.0231,14,0,1.028190725,0,0.475166235,1.263603897,-0.122948061
"NADLER, JERROLD L. MR.",0.8647,3610,-1.3126,14,1,0.613440708,1,0.52892196,1.004743379,-0.754938623
NA,NA,3610,NA,NA,0,NA,0,0.52892196,1.004743379,-0.754938623
"RECCHIA, DOMENIC M JR",0.766,3611,-0.6867,13,1,0.550215267,0,0.552544093,1.041722027,-0.242590092
"GRIMM, MICHAEL",0.5166,3611,0.3175,9,0,0.453984733,1,0.552544093,1.041722027,-0.242590092
"MALONEY, CAROLYN B.",1.0495,3612,-1.6165,9,1,0.940785307,1,0.472705327,1.169865186,-0.733590926
"DI IORIO, NICHOLAS S",0.4436,3612,-0.2431,12,0,0.432614693,0,0.472705327,1.169865186,-0.733590926
"RANGEL, CHARLES B",0.8518,3613,-0.9456,13,1,0.109996407,1,0.67812537,1.259959547,-0.879179245
NA,NA,3613,NA,NA,0,NA,0,0.67812537,1.259959547,-0.879179245
"CROWLEY, JOSEPH",-0.1404,3614,0.7513,0,1,1.08716541,1,0.645688893,1.151736179,-0.424138014
NA,NA,3614,NA,NA,0,NA,0,0.645688893,1.151736179,-0.424138014
"SERRANO, JOSE E.",NA,3615,NA,NA,1,NA,1,0.67515983,1.058565058,-0.656552331
NA,NA,3615,NA,NA,0,NA,0,0.67515983,1.058565058,-0.656552331
"ENGEL, ELIOT L. REP.",0.7746,3616,-2.1272,8,1,1.738769783,1,0.605647905,1.059703821,-0.472001386
NA,NA,3616,NA,NA,0,NA,0,0.605647905,1.059703821,-0.472001386
"LOWEY, NITA M",0.9196,3617,-1.7641,6,1,1.490562926,1,0.544336762,1.172804593,-0.36738437
"DAY, CHRIS",0.358,3617,-0.008,11,0,0.265537074,0,0.544336762,1.172804593,-0.36738437
"MALONEY, SEAN PATRICK",0.8697,3618,-1.4299,6,1,1.478869421,1,0.524818255,1.331698651,-0.073723094
"HAYWORTH, NAN",0.2718,3618,0.6715,6,0,0.622530579,0,0.524818255,1.331698651,-0.073723094
"ELDRIDGE, SEAN",0.656,3619,-1.2316,12,1,1.349189652,0,0.490578909,1.294046378,-0.011240307
"GIBSON, CHRISTOPHER P",0.019,3619,NA,0,0,NA,1,0.490578909,1.294046378,-0.011240307
"MAHER, PATRICIA M",0.8241,3602,-0.5864,13,1,0.490046276,0,0.513901671,1.259922449,-0.20604843
"KING, PETER T. HON.",0.5948,3602,-1.8152,5,0,1.718846276,1,0.513901671,1.259922449,-0.20604843
"TONKO, PAUL DAVID",0.4763,3620,-0.2525,5,1,0.070936101,1,0.516093913,1.322188141,-0.283637344
"FISCHER, JAMES M",0.3446,3620,0.8119,11,0,0.993463899,0,0.516093913,1.322188141,-0.283637344
"WOOLF, AARON",0.5709,3621,-0.1735,10,1,0.231213004,0,0.486512508,1.272301969,-0.065761544
"STEFANIK, ELISE M.",0.3459,3621,0.7856,11,0,0.727886996,0,0.486512508,1.272301969,-0.065761544
NA,NA,3622,NA,NA,1,NA,0,0.49838506,1.267357939,-0.097834323
"HANNA, RICHARD",0.591,3622,0.014,12,0,0.008489839,1,0.49838506,1.267357939,-0.097834323
"ROBERTSON, MARTHA",0.5481,3623,-0.5522,8,1,0.633444033,0,0.497707707,1.196909803,-0.044335147
"REED, THOMAS W II",0.4573,3623,1.0913,6,0,1.010055967,1,0.497707707,1.196909803,-0.044335147
"MAFFEI, DANIEL BENJAMIN MR.",0.7112,3624,-0.2686,11,1,0.291453257,1,0.516553303,1.279675134,-0.097503409
"KATKO, JOHN M",-0.4108,3624,-0.2937,0,0,0.316553257,0,0.516553303,1.279675134,-0.097503409
"SLAUGHTER, LOUISE MCINTOSH",2.0206,3625,-2.1487,9,1,2.031762446,1,0.55079342,1.288393702,-0.224791227
"ASSINI, MARK W",-0.1648,3625,-0.2169,0,0,0.099962446,0,0.55079342,1.288393702,-0.224791227
"HIGGINS, BRIAN",0.5587,3626,-0.8337,7,1,0.724126421,1,0.570864405,1.275182902,-0.218085891
"WEPPNER, KATHLEEN",0.5847,3626,0.1728,4,0,0.282373579,0,0.570864405,1.275182902,-0.218085891
"O'Donnell, Jim",0.3752,3627,-0.0356,7,1,0.373312106,0,0.458413884,1.229960352,0.189194232
"COLLINS, CHRISTOPHER C",-0.3659,3627,0.9172,4,0,0.579487894,1,0.458413884,1.229960352,0.189194232
"ISRAEL, STEVE J.",0.9733,3603,-0.8419,8,1,0.644859792,1,0.48103186,1.296086387,-0.29772944
"LALLY, GRANT M",0.2446,3603,0.3757,3,0,0.572740208,0,0.48103186,1.296086387,-0.29772944
"RICE, KATHLEEN",0.8193,3604,-0.7774,8,1,0.613450302,0,0.543935581,1.204794866,-0.26759857
"BLAKEMAN, BRUCE",0.5001,3604,0.6661,8,0,0.830049698,0,0.543935581,1.204794866,-0.26759857
"MEEKS, GREGORY W.",0.6631,3605,-0.3046,1,1,0.250343985,1,0.623758797,1.225280746,-0.623622039
NA,NA,3605,NA,NA,0,NA,0,0.623758797,1.225280746,-0.623622039
"MENG, GRACE",0.6365,3606,-0.6909,8,1,0.364405803,1,0.603772816,1.002070615,-0.415604969
NA,NA,3606,NA,NA,0,NA,0,0.603772816,1.002070615,-0.415604969
"VELAZQUEZ, NYDIA",0.6347,3607,NA,0,1,NA,1,0.6662316,1.12130863,-0.665539355
"FERNANDEZ, JOSE LUIS",-0.0095,3607,NA,0,0,NA,0,0.6662316,1.12130863,-0.665539355
"JEFFRIES, HAKEEM",0.367,3608,-1.8896,5,1,1.155851582,1,0.62854041,1.189314141,-0.786434072
NA,NA,3608,NA,NA,0,NA,0,0.62854041,1.189314141,-0.786434072
"CLARKE, YVETTE D",NA,3609,NA,NA,1,NA,1,0.617557838,1.275074808,-0.731499064
NA,NA,3609,NA,NA,0,NA,0,0.617557838,1.275074808,-0.731499064
"KUNDRATA, FREDERICK LOUIS III",0.6173,3901,-0.4979,10,1,0.835825187,0,0.562596838,1.352741006,0.189388255
"CHABOT, STEVE",0.7465,3901,1.4784,7,0,1.140474813,1,0.562596838,1.352741006,0.189388255
"Klepinger, Robert",NA,3910,NA,NA,1,NA,0,0.551079573,1.291551429,0.098494564
"TURNER, MICHAEL R REP",0.477,3910,0.1962,8,0,0.041903358,1,0.551079573,1.291551429,0.098494564
"FUDGE, MARCIA L",1.1732,3911,-1.2099,6,1,0.809940107,1,0.623827206,1.153007785,-0.482499839
"Zetzer, Mark",0.1185,3911,0.3489,0,0,0.748859893,0,0.623827206,1.153007785,-0.482499839
NA,0.4335,3912,-0.3666,11,1,0.725185437,0,0.476114428,1.325605442,0.208200637
"TIBERI, PATRICK J.",0.1079,3912,NA,0,0,NA,1,0.476114428,1.325605442,0.208200637
"RYAN, TIMOTHY J.",0.491,3913,-0.6093,4,1,0.79003288,1,0.529120528,1.242669415,0.046255344
NA,NA,3913,NA,NA,0,NA,0,0.529120528,1.242669415,0.046255344
"WAGER, MICHAEL",0.5716,3914,-0.8092,10,1,1.086644301,0,0.463399647,1.311905481,0.134316824
"JOYCE, DAVID P",0.1094,3914,-0.0586,0,0,0.336044301,1,0.463399647,1.311905481,0.134316824
"WHARTON, RICHARD SCOTT",0.5574,3915,-0.4893,7,1,0.812592418,0,0.484002218,1.338729184,0.176064252
"STIVERS, STEVE MR.",0.4219,3915,1.6514,8,0,1.328107582,1,0.484002218,1.338729184,0.176064252
"CROSSLAND, PETE",0.6318,3916,-0.5699,8,1,0.910778247,0,0.447490425,1.318438725,0.192077191
"RENACCI, JAMES B",0.6849,3916,1.1574,12,0,0.816521753,1,0.447490425,1.318438725,0.192077191
"TYSZKIEWICZ, MAREK",0.3998,3902,-0.2498,7,1,0.439047062,0,0.5045995,1.327705305,0.054008011
"WENSTRUP, BRAD R DR.",-0.0073,3902,0.4322,6,0,0.242952938,1,0.5045995,1.327705305,0.054008011
"BEATTY, JOYCE",0.6721,3903,-0.4673,3,1,0.383327148,1,0.61815629,1.260054755,-0.194774912
"ADAMS, JOHN",0.0442,3903,NA,0,0,NA,0,0.61815629,1.260054755,-0.194774912
"GARRETT, JANET PATRICIA",NA,3904,NA,NA,1,NA,0,0.486537398,1.219284214,0.315727805
"JORDAN, JAMES D.",0.2888,3904,NA,0,0,NA,1,0.486537398,1.219284214,0.315727805
"FRY, ROBERT L",0.5545,3905,-0.36,15,1,0.837049052,0,0.474969286,1.228784542,0.316068779
"LATTA, ROBERT EDWARD MR",0.2893,3905,NA,0,0,NA,1,0.474969286,1.228784542,0.316068779
"GARRISON, JENNIFER D",0.5608,3906,0.0272,11,1,0.510615978,0,0.472081276,1.195208298,0.371400666
"JOHNSON, BILL",0.8702,3906,1.0609,9,0,0.523084022,1,0.472081276,1.195208298,0.371400666
NA,NA,3907,NA,NA,1,NA,0,0.477381218,1.372855623,0.217883408
"GIBBS, ROBERT",0.3377,3907,1.3222,12,0,0.952980691,1,0.477381218,1.372855623,0.217883408
"POETTER, THOMAS",0.4138,3908,-0.3909,6,1,0.941538672,0,0.495633184,1.32757463,0.383076489
"BOEHNER, JOHN A.",0.5946,3908,0.807,11,0,0.256361328,1,0.495633184,1.32757463,0.383076489
"KAPTUR, MARCY C HON.",0.7754,3909,-0.6537,1,1,0.574486571,1,0.572109188,1.32604111,-0.190441175
"May, Richard",0.258,3909,1.5869,4,0,1.666113429,0,0.572109188,1.32604111,-0.190441175
NA,NA,4001,NA,NA,1,NA,0,0.56647866,1.337423233,0.326897949
"BRIDENSTINE, JAMES FREDERICK",0.4692,4001,1.373,10,0,0.88405807,1,0.56647866,1.337423233,0.326897949
"Everett, Earl",NA,4002,NA,NA,1,NA,0,0.597615664,1.20072072,0.540039676
"MULLIN, MARKWAYNE MR.",0.4677,4002,1.5191,14,0,0.79608025,1,0.597615664,1.20072072,0.540039676
"Robbins, Frankie",-0.3073,4003,NA,0,1,NA,0,0.540456376,1.228318487,0.434318921
"LUCAS, FRANK D.",0.4152,4003,2.431,9,0,1.824085549,1,0.540456376,1.228318487,0.434318921
"Smith, Bert",0.2645,4004,-0.3782,0,1,0.998510579,0,0.54587066,1.263380113,0.446516889
"COLE, TOM",0.4683,4004,2.0607,16,0,1.440389421,1,0.54587066,1.263380113,0.446516889
"MCAFFREY, AL",0.4193,4005,-1.3435,4,1,1.713761684,0,0.594766255,1.30419546,0.218832552
"RUSSELL, STEVEN DANE",0.3387,4005,1.0663,12,0,0.696038316,0,0.594766255,1.30419546,0.218832552
"BONAMICI, SUZANNE MS.",0.5686,4101,-0.3533,8,1,0.333467713,1,0.522209782,1.438059655,-0.136371127
"YATES, WILLIAM JASON",0.6878,4101,1.3243,15,0,1.344132287,0,0.522209782,1.438059655,-0.136371127
"CHRISTOFFERSON, AELEA",0.4911,4102,-0.6617,7,1,1.190051478,0,0.508953016,1.326072686,0.362782678
"WALDEN, GREGORY P MR.",0.5413,4102,0.6215,5,0,0.093148522,1,0.508953016,1.326072686,0.362782678
"BLUMENAUER, EARL",0.6485,4103,-0.2107,8,1,0.294859163,1,0.548633064,1.424299488,-0.578654232
"BUCHAL, JAMES LAURENCE",0.4586,4103,0.3744,4,0,0.879959163,0,0.548633064,1.424299488,-0.578654232
"DEFAZIO, PETER A.",0.3331,4104,NA,0,1,NA,1,0.514570218,1.427485041,8.58E-04
"ROBINSON, ART",0.121,4104,0.3632,6,0,0.232323259,0,0.514570218,1.427485041,8.58E-04
"SCHRADER, KURT",1.2099,4105,-0.418,3,1,0.483649664,1,0.519539654,1.476966213,-0.058534744
"SMITH, TOOTIE",0.3233,4105,0.1085,4,0,0.042850336,0,0.519539654,1.476966213,-0.058534744
"BRADY, ROBERT A",0.8961,4201,-1.0368,5,1,0.707534583,1,0.639171295,1.168264545,-0.418128329
"RATH, MEGAN ANN",0.2585,4201,0.4394,4,0,0.768665417,0,0.639171295,1.168264545,-0.418128329
"BRION, SCOTT FLOYD",0.7075,4210,0.1859,6,1,0.274365008,0,0.468363942,1.250903023,0.300785912
"MARINO, THOMAS ANTHONY",0.5984,4210,1.2717,7,0,0.811434992,1,0.468363942,1.250903023,0.300785912
"OSTROWSKI, ANDREW J",0.5274,4211,0.3391,10,1,0.014715236,0,0.482336541,1.187835278,0.203857086
"BARLETTA, LOU",0.6551,4211,0.5868,11,0,0.232984764,1,0.482336541,1.187835278,0.203857086
"MCCLELLAND, ERIN ROCHELE",0.5861,4212,-0.6018,8,1,1.031128868,0,0.453542776,1.233982909,0.272616723
"ROTHFUS, KEITH MR.",0.7246,4212,0.956,5,0,0.526671132,1,0.453542776,1.233982909,0.272616723
"BOYLE, BRENDAN F",0.4339,4213,-0.2237,8,1,0.07640685,0,0.570684363,1.332425503,-0.252431796
"ADCOCK, CARSON DEE",0.4526,4213,0.5076,2,0,0.65489315,0,0.570684363,1.332425503,-0.252431796
"DOYLE, MIKE",0.9486,4214,-0.7921,6,1,0.683956702,1,0.564354684,1.298244128,-0.216783536
NA,NA,4214,NA,NA,0,NA,0,0.564354684,1.298244128,-0.216783536
NA,NA,4215,NA,NA,1,NA,0,0.503143984,1.246485615,0.019377665
"DENT, CHARLES W REP",0.7232,4215,0.7511,5,0,0.59988489,1,0.503143984,1.246485615,0.019377665
"HOUGHTON, THOMAS",0.1784,4216,-0.0165,0,1,0.268047403,0,0.525265284,1.321640319,0.110736164
"PITTS, JOSEPH R",0.4525,4216,0.6799,8,0,0.428352597,1,0.525265284,1.321640319,0.110736164
"CARTWRIGHT, MATT MR",0.5845,4217,-0.9095,6,1,1.176476869,1,0.492534969,1.261210193,0.124785607
"MOYLAN, DAVID JOHN III MD",0.6348,4217,-0.1621,10,0,0.429076869,0,0.492534969,1.261210193,0.124785607
NA,NA,4218,NA,NA,1,NA,0,0.445665261,1.335062879,0.295970404
"MURPHY, TIMOTHY",0.4944,4218,NA,0,0,NA,1,0.445665261,1.335062879,0.295970404
"FATTAH, CHAKA MR.",0.5818,4202,NA,0,1,NA,1,0.616962981,1.123317834,-0.828812163
"James, Armond",0.1123,4202,-0.2697,2,0,0.510589146,0,0.616962981,1.123317834,-0.828812163
"LAVALLEE, DANIEL",0.1193,4203,NA,0,1,NA,0,0.479288003,1.212775956,0.238011085
"KELLY, GEORGE J JR",0.6049,4203,1.1165,6,0,0.725175949,1,0.479288003,1.212775956,0.238011085
"THOMPSON, LINDA",0.724,4204,-0.9393,6,1,1.139675122,0,0.49535664,1.358694349,0.064140769
"PERRY, SCOTT",0.4096,4204,1.4041,6,0,1.203724878,1,0.49535664,1.358694349,0.064140769
"TAYLOR, KERITH STRANO",-0.0434,4205,0.3229,7,1,0.044186364,0,0.470957594,1.21858435,0.135472629
"THOMPSON, GLENN MR",0.5231,4205,1.037,4,0,0.758286364,1,0.470957594,1.21858435,0.135472629
"TRIVEDI, MANAN",0.6525,4206,-0.5363,10,1,0.725363703,0,0.462607371,1.331338891,0.053841052
"COSTELLO, RYAN A",0.464,4206,0.5516,8,0,0.362536297,0,0.462607371,1.331338891,0.053841052
"BALCHUNIS, MARY ELLEN",0.8362,4207,-0.6238,8,1,0.716692001,0,0.454035576,1.278540265,-0.033728982
"MEEHAN, PATRICK L. MR.",0.821,4207,0.0876,9,0,0.005292001,1,0.454035576,1.278540265,-0.033728982
"STROUSE, KEVIN",0.6158,4208,-0.4747,8,1,0.653148161,0,0.451489112,1.265480337,0.044174972
"FITZPATRICK, MICHAEL G.",0.3099,4208,NA,0,0,NA,1,0.451489112,1.265480337,0.044174972
"HARTZOK, ALANNA",0.7236,4209,-0.5715,9,1,1.058740449,0,0.465924627,1.212769987,0.32534865
"SHUSTER, WILLIAM MR.",0.7597,4209,2.4502,12,0,1.962959551,1,0.465924627,1.212769987,0.32534865
"CICILLINE, DAVID N",1.5354,4401,-0.8916,12,1,0.751586565,1,0.5516885,1.22340949,-0.245803184
"LYNCH, CORMICK",0.509,4401,0.2257,7,0,0.365713435,0,0.5516885,1.22340949,-0.245803184
"LANGEVIN, JAMES R. HONORABLE",0.5886,4402,NA,0,1,NA,1,0.512749295,1.246421389,-0.299196627
"REIS, RHUE",0.2862,4402,0.55,9,0,0.748651511,0,0.512749295,1.246421389,-0.299196627
NA,NA,4501,NA,NA,1,NA,0,0.545907454,1.299138776,0.27074748
"SANFORD, MARSHALL C. HON.",0.6335,4501,0.3301,6,0,0.097176016,1,0.545907454,1.299138776,0.27074748
"Black, Phil",0.3428,4502,0.2618,6,1,0.106467217,0,0.559457505,1.331190128,0.217016471
"WILSON, JOE THE HON.",-0.0429,4502,2.9951,0,0,2.626832783,1,0.559457505,1.331190128,0.217016471
"WROBLESKI-MULLIS, BARBARA JO",0.6375,4503,-0.743,9,1,1.342571131,0,0.564690653,1.227133005,0.427632393
"DUNCAN, JEFFREY D MR.",0.8169,4503,NA,0,0,NA,1,0.564690653,1.227133005,0.427632393
NA,NA,4504,NA,NA,1,NA,0,0.562868858,1.280280746,0.297239588
"GOWDY, TREY",-0.3379,4504,-0.0042,0,0,0.460570342,1,0.562868858,1.280280746,0.297239588
"ADAMS, THOMAS A",0.0721,4505,1.6253,7,1,1.145228667,0,0.581216399,1.259601439,0.318820745
"MULVANEY, JOHN MICHAEL 'MICK'",0.2044,4505,NA,0,0,NA,1,0.581216399,1.259601439,0.318820745
"CLYBURN, JAMES E.",0.4828,4506,-2.7675,3,1,2.733554851,1,0.623063603,1.227505842,-0.149221724
"Culler, Anthony",-0.412,4506,-1.6136,0,0,1.579654851,0,0.623063603,1.227505842,-0.149221724
"TINUBU, GLORIA BROMELL",0.5299,4507,-1.2134,4,1,1.540448386,0,0.596570189,NA,0.179484283
"RICE, TOM",0.3253,4507,NA,0,0,NA,1,0.596570189,NA,0.179484283
"ROBINSON, CORINNA",0.3498,4600,0.598,5,1,0.082577496,0,0.514442122,NA,0.351010081
"NOEM, KRISTI LYNN",0.8281,4600,1.2114,9,0,0.695977496,1,0.514442122,NA,0.351010081
NA,NA,4701,NA,NA,1,NA,0,0.493768288,1.254499798,0.470619696
"ROE, DAVID PHILLIP DR.",0.8816,4701,1.1528,10,0,0.506019088,1,0.493768288,1.254499798,0.470619696
"Scott, Bob",0.5189,4702,-0.2382,6,1,0.629145334,0,0.501950705,1.271298644,0.237666241
"DUNCAN, JOHN J REP. JR.",NA,4702,NA,NA,0,NA,1,0.501950705,1.271298644,0.237666241
"HEADRICK, MARY MARGARET",0.4859,4703,-0.621,17,1,1.092639986,0,0.529136705,1.248704583,0.311143504
"FLEISCHMANN, CHARLES J",0.7038,4703,1.4741,8,0,1.002460014,1,0.529136705,1.248704583,0.311143504
"SHERRELL, LENDA",0.4904,4704,-0.2717,14,1,0.887039258,0,0.522262607,1.224532494,0.441990207
"DESJARLAIS, SCOTT EUGENE",0.5238,4704,0.8735,11,0,0.258160742,1,0.522262607,1.224532494,0.441990207
"COOPER, JAMES H.S.",0.6086,4705,0.0888,5,1,0.006182459,1,0.587318854,1.353891309,-0.043084487
"RIES, BOB",0.6748,4705,0.4275,10,0,0.344882459,0,0.587318854,1.353891309,-0.043084487
"Powers, Amos",0.5476,4706,-0.0325,12,1,0.720972286,0,0.491475477,1.290706183,0.508582163
"BLACK, DIANE L MRS.",0.9856,4706,1.1955,9,0,0.507027714,1,0.491475477,1.290706183,0.508582163
"Cramer, Daniel",0.4433,4707,-0.3436,13,1,1.052536857,0,0.52031421,1.247362438,0.527216367
"BLACKBURN, MARSHA MRS.",0.807,4707,0.3283,7,0,0.380636857,1,0.52031421,1.247362438,0.527216367
"BRADLEY, WES",NA,4708,NA,NA,1,NA,0,0.541658795,1.192392569,0.449355787
"FINCHER, STEVE MR.",0.5092,4708,0.9291,15,0,0.305671669,1,0.541658795,1.192392569,0.449355787
"COHEN, STEPHEN IRA",0.8952,4709,NA,0,1,NA,1,0.614111718,1.199133925,-0.26229823
"BERGMANN, CHARLOTTE",0.5232,4709,0.9988,1,0,1.156928726,0,0.614111718,1.199133925,-0.26229823
"MCKELLAR, SHIRLEY JONETTA  DR",0.3366,4801,0.3987,6,1,0.499062023,0,0.564195186,1.260567913,0.699152871
"GOHMERT, LOUIE",0.2119,4801,0.7203,4,0,0.177462023,1,0.564195186,1.260567913,0.699152871
"CADIEN, TAWANA W.",0.196,4810,0.3341,6,1,0.150745104,0,0.540045705,1.398935214,0.048642845
"MCCAUL, MICHAEL",0.674,4810,0.427,7,0,0.243645104,1,0.540045705,1.398935214,0.048642845
NA,NA,4811,NA,NA,1,NA,0,0.518826033,1.279394496,0.625460718
"CONAWAY, MICHAEL HONORABLE",0.2427,4811,NA,0,0,NA,1,0.518826033,1.279394496,0.625460718
"GREENE, MARK",0.3023,4812,-0.3642,6,1,0.835650438,0,0.526049038,1.311741178,0.310970909
"GRANGER, KAY",0.5831,4812,0.8131,10,0,0.341649562,1,0.526049038,1.311741178,0.310970909
"Minter, Mike",-0.2871,4813,NA,0,1,NA,0,0.52653608,1.233194781,0.588998034
"THORNBERRY, MAC",0.72,4813,0.8465,7,0,0.069712901,1,0.52653608,1.233194781,0.588998034
"BROWN, DONALD GLENN JR",0.6037,4814,-0.4042,16,1,1.042267772,0,0.574091282,1.242630519,0.462685866
"WEBER, RANDY",0.287,4814,2.574,9,0,1.935932228,1,0.574091282,1.242630519,0.462685866
"HINOJOSA, RUBEN E.",0.5659,4815,-0.5112,7,1,0.814984686,1,0.562027766,1.223108083,0.158301306
"ZAMORA, EDDIE",NA,4815,NA,12,0,NA,0,0.562027766,1.223108083,0.158301306
"O'ROURKE, ROBERT (BETO)",0.4726,4816,0.3144,6,1,0.185688722,1,0.563083549,1.225094941,-0.001113408
NA,NA,4816,NA,NA,0,NA,0,0.563083549,1.225094941,-0.001113408
"Haynes, Nick",0.5736,4817,0.2698,8,1,0.012921144,0,0.581029191,1.23777518,0.139121702
"FLORES, BILL",0.3492,4817,0.95,9,0,0.667278856,1,0.581029191,1.23777518,0.139121702
"LEE, SHEILA JACKSON",NA,4818,NA,21,1,NA,1,0.651583509,1.337783811,-0.124750335
"SEIBERT, SEAN",-0.1629,4818,1.3081,5,0,1.31517003,0,0.651583509,1.337783811,-0.124750335
"MARCHBANKS, JAMES NEAL",0.6082,4819,0.1225,8,1,0.537060366,0,0.552046558,1.280468623,0.482256146
"NEUGEBAUER, RANDY HONORABLE",0.5509,4819,0.5768,5,0,0.082760366,1,0.552046558,1.280468623,0.482256146
"Letsos, Nick",0.5966,4802,0.1487,16,1,0.267550663,0,0.546582992,1.236311533,0.260708243
"POE, TED",0.766,4802,1.0791,11,0,0.662849337,1,0.546582992,1.236311533,0.260708243
"CASTRO, JOAQUIN MR.",0.4089,4820,0.7356,0,1,0.781457729,1,0.568046211,1.305338349,-0.160068834
NA,NA,4820,NA,NA,0,NA,0,0.568046211,1.305338349,-0.160068834
NA,NA,4821,NA,NA,1,NA,0,0.489429614,1.474494264,0.081188426
"SMITH, LAMAR",0.5359,4821,0.5709,9,0,0.351802695,1,0.489429614,1.474494264,0.081188426
"Briscoe, Frank",0.366,4822,-0.1641,2,1,0.594042759,0,0.547614139,1.351625098,0.273175707
"OLSON, PETER G.",0.3458,4822,1.2924,9,0,0.862457241,1,0.547614139,1.351625098,0.273175707
"GALLEGO, PETE",0.3753,4823,-0.1761,11,1,0.488785101,1,0.556436439,1.365813523,0.166405661
"HURD, WILLIAM",0.2486,4823,2.0282,1,0,1.715514899,0,0.556436439,1.365813523,0.166405661
"MCGEHEARTY, PATRICK  FABIAN",0.7123,4824,-0.6497,8,1,1.00800313,0,0.552930624,1.347121751,0.20794358
"MARCHANT, KENNY E MR.",0.1962,4824,NA,0,0,NA,1,0.552930624,1.347121751,0.20794358
"MONTOYA, MARCO",0.2702,4825,0.2228,3,1,0.170861156,0,0.51301929,1.318840717,0.240139158
"WILLIAMS, ROGER",0.4999,4825,1.6174,10,0,1.223738844,1,0.51301929,1.318840717,0.240139158
NA,NA,4826,NA,NA,1,NA,0,0.495826755,1.364486185,0.312045661
"BURGESS, MICHAEL C. DR.",0.5336,4826,0.6652,6,0,0.192569241,1,0.495826755,1.364486185,0.312045661
"REED, WESLEY CRAIG",0.7326,4827,-1.0023,10,1,1.459911812,0,0.53990733,1.253583342,0.29837002
"FARENTHOLD, RANDOLPH BLAKE",0.5455,4827,1.2259,4,0,0.768288188,1,0.53990733,1.253583342,0.29837002
"CUELLAR, HENRY R.",0.4292,4828,NA,0,1,NA,1,0.564411542,1.264090564,-0.029416908
NA,NA,4828,NA,NA,0,NA,0,0.564411542,1.264090564,-0.029416908
"GREEN, RAYMOND E. 'GENE'",-0.1311,4829,-1.6856,0,1,1.74205202,1,0.613793881,1.170492666,-0.066909744
NA,NA,4829,NA,NA,0,NA,0,0.613793881,1.170492666,-0.066909744
NA,NA,4803,NA,NA,1,NA,0,0.501933921,1.384330893,0.357968254
"JOHNSON, SAM MR.",0.5168,4803,1.5242,8,0,1.001135848,1,0.501933921,1.384330893,0.357968254
"JOHNSON, EDDIE BERNICE",0.6819,4830,-1.2983,7,1,1.211490797,1,0.643475725,1.179259374,-0.197357578
NA,NA,4830,NA,NA,0,NA,0,0.643475725,1.179259374,-0.197357578
"MINOR, LOUIE JR",0.3666,4831,0.1228,9,1,0.266748657,0,0.526336127,1.364194555,0.236394484
"CARTER, JOHN R. REP.",0.4778,4831,1.1106,8,0,0.721051343,1,0.526336127,1.364194555,0.236394484
"PEREZ, FRANK ANTHONY",0.4118,4832,-0.0812,1,1,0.147029149,0,0.580443917,1.33943948,-0.058371313
"SESSIONS, PETE MR.",0.6163,4832,1.5544,5,0,1.488570851,1,0.580443917,1.33943948,-0.058371313
"VEASEY, MARC ALLISON MR.",0.6519,4833,-0.5424,4,1,0.434011608,1,0.64487744,NA,-0.217006708
NA,NA,4833,NA,NA,0,NA,0,0.64487744,NA,-0.217006708
"VELA, FILEMON MR.",NA,4834,NA,NA,1,NA,1,0.556479534,NA,0.129514298
"SMITH, LARRY STANLEY",0.5803,4834,0.521,6,0,0.248829959,0,0.556479534,NA,0.129514298
"DOGGETT, LLOYD",0.7079,4835,-0.3677,9,1,0.314639646,1,0.616489592,NA,-0.166627251
"NARVAIZ, SUSAN",0.292,4835,0.6923,6,0,0.745360354,0,0.616489592,NA,-0.166627251
"COLE, MICHAEL KENNETH JR.",0.5623,4836,0.3752,7,1,0.310919013,0,0.542548003,NA,0.506439368
"BABIN, BRIAN",0.074,4836,2.2213,8,0,1.535180987,0,0.542548003,NA,0.506439368
NA,NA,4804,NA,NA,1,NA,0,0.539635009,1.263422732,0.553492125
"RATCLIFFE, JOHN LEE",0.448,4804,1.9138,12,0,1.176006419,0,0.539635009,1.263422732,0.553492125
NA,NA,4805,NA,NA,1,NA,0,0.571976412,1.307996331,0.214464012
"HENSARLING, JEB HON.",0.8642,4805,0.6742,8,0,0.308735961,1,0.571976412,1.307996331,0.214464012
"COZAD, DAVID EDWIN",0.5937,4806,0.091,9,1,0.256004916,0,0.56605907,1.308122517,0.197655886
"BARTON, JOE LINUS",0.5533,4806,0.9193,5,0,0.572295084,1,0.56605907,1.308122517,0.197655886
"CARGAS, JAMES P",0.4664,4807,-0.3751,5,1,0.616149924,0,0.554326068,1.378640832,0.101177587
"CULBERSON, JOHN",0.4602,4807,0.5117,6,0,0.270650076,1,0.554326068,1.378640832,0.101177587
NA,NA,4808,NA,NA,1,NA,0,0.524867361,1.277764252,0.540673952
"BRADY, KEVIN",0.659,4808,0.7113,0,0,0.012416328,1,0.524867361,1.277764252,0.540673952
"GREEN, ALEXANDER",0.5507,4809,-0.4126,6,1,0.235120729,1,0.658792622,1.230180074,-0.279918048
NA,NA,4809,NA,NA,0,NA,0,0.658792622,1.230180074,-0.279918048
"MCALEER, DONNA",0.6177,4901,-0.4524,8,1,0.933687033,0,0.488922194,1.269555787,0.319927712
"BISHOP, ROBERT",0.6608,4901,1.3052,10,0,0.823912967,1,0.488922194,1.269555787,0.319927712
"ROBLES, LUZ M",0.4047,4902,-1.116,0,1,1.409803928,0,0.513927381,1.340389724,0.149213234
"STEWART, CHRIS",0.077,4902,1.5414,0,0,1.247596072,1,0.513927381,1.340389724,0.149213234
"WONNACOTT, BRIAN",0.4237,4903,-0.4213,7,1,1.29698673,0,0.481306145,1.306271606,0.679052009
"CHAFFETZ, JASON",0.2761,4903,2.0669,5,0,1.19121327,1,0.481306145,1.306271606,0.679052009
"OWENS, H DOUGLAS",0.4087,4904,0.6524,8,1,0.514253486,0,0.50100439,NA,0.007477934
"LOVE, MIA",0.6309,4904,1.4753,5,0,1.337153486,0,0.50100439,NA,0.007477934
"MOSHER, NORMAN GARDNER",0.5294,5101,-0.6451,11,1,0.980686222,0,0.526130445,1.356689757,0.187258489
"WITTMAN, ROBERT J",0.64,5101,1.6226,11,0,1.287013778,1,0.526130445,1.356689757,0.187258489
"FOUST, JOHN",0.4961,5110,-1.1164,12,1,1.387063677,0,0.490456684,1.327063419,0.128142664
"COMSTOCK, BARBARA J",0.5959,5110,0.221,1,0,0.049663677,0,0.490456684,1.327063419,0.128142664
"CONNOLLY, GERALD EDWARD",0.9792,5111,-1.2954,9,1,1.271661106,1,0.539010188,1.381897745,-0.139928324
"SCHOLTE, SUZANNE",0.3932,5111,2.0166,1,0,2.040338894,0,0.539010188,1.381897745,-0.139928324
"PATRICK, SUZANNE D",0.5488,5102,-0.0887,5,1,0.374021062,0,0.553519588,1.254970259,0.141489082
"RIGELL, EDWARD SCOTT MR.",0.3571,5102,0.0287,4,0,0.256621062,1,0.553519588,1.254970259,0.141489082
"SCOTT, ROBERT C.",0.3415,5103,NA,0,1,NA,1,0.613488841,1.245228238,-0.329496801
NA,NA,5103,NA,NA,0,NA,0,0.613488841,1.245228238,-0.329496801
"FAUSZ, ELLIOTT GRAYSON",0.3934,5104,-0.0054,9,1,0.379588906,0,0.56308725,1.312635032,0.22240852
"FORBES, J. RANDY",0.6579,5104,0.1248,11,0,0.249388906,1,0.56308725,1.312635032,0.22240852
"GAUGHAN, WALTER LAWRENCE",0.5843,5105,-0.0034,10,1,0.239161628,0,0.557729363,1.334633678,0.09636228
"HURT, ROBERT",0.7468,5105,1.478,6,0,1.242238372,1,0.557729363,1.334633678,0.09636228
NA,NA,5106,NA,NA,1,NA,0,0.524751758,1.299110537,0.274038271
"GOODLATTE, ROBERT W.",0.5452,5106,1.4749,8,0,1.044009951,1,0.524751758,1.299110537,0.274038271
"TRAMMELL, JOHN K",0.3314,5107,-0.5083,5,1,0.792969072,0,0.508911249,1.417306126,0.140895406
"BRAT, DAVID ALAN",0.2969,5107,2.0773,12,0,1.792630928,0,0.508911249,1.417306126,0.140895406
"BEYER, DONALD STERNOFF JR",0.6691,5108,-0.447,16,1,0.024786252,0,0.523580694,1.376630175,-0.502763293
"EDMOND, MICAH K",0.5653,5108,0.1093,11,0,0.531513748,0,0.523580694,1.376630175,-0.502763293
NA,NA,5109,NA,NA,1,NA,0,0.509563828,1.23021529,0.408302048
"GRIFFITH, H MORGAN",0.5219,5109,0.3249,4,0,0.253442041,1,0.509563828,1.23021529,0.408302048
"WELCH, PETER",0.9259,5000,-0.9323,10,1,0.689836481,1,0.460611012,NA,-0.339090057
"DONKA, MARK",0.3216,5000,1.7536,12,0,1.996063519,0,0.460611012,NA,-0.339090057
"DELBENE, SUZAN K",0.6009,5301,-0.2494,16,1,0.217479832,1,0.493811884,1.470552529,-0.147377859
"CELLIS, PEDRO",0.3838,5301,0.9244,11,0,0.956320168,0,0.493811884,1.470552529,-0.147377859
"HECK, DENNIS",0.0294,5310,NA,0,1,NA,1,0.55004247,NA,-0.022211725
"MCDONALD, JOYCE",0.1516,5310,0.589,3,0,0.483459446,0,0.55004247,NA,-0.022211725
"LARSEN, RICK",0.2733,5302,-1.0553,0,1,1.046272955,1,0.534215214,1.430322532,-0.126532313
"GUILLOT, B J",0.7082,5302,0.3857,14,0,0.394727045,0,0.534215214,1.430322532,-0.126532313
"DINGETHAL, BOB",0.5696,5303,-0.436,15,1,0.612965815,0,0.507535172,1.420305584,0.042825208
"HERRERA BEUTLER, JAIME",0.1824,5303,1.4506,6,0,1.273634185,1,0.507535172,1.420305584,0.042825208
NA,NA,5304,NA,NA,1,NA,0,0.585391027,1.31180949,0.259091534
"DIDIER, CLINT",0.6075,5304,0.6337,18,0,0.219224849,0,0.585391027,1.31180949,0.259091534
"PAKOOTAS, JOSEPH A",0.7077,5305,-1.4938,11,1,1.812201411,0,0.509060946,1.363113882,0.1716107
"MCMORRIS RODGERS, CATHY",0.4455,5305,1.386,7,0,1.067598589,1,0.509060946,1.363113882,0.1716107
"KILMER, DEREK",0.7454,5306,-0.6477,12,1,0.705567195,1,0.526259045,1.380630688,-0.065621144
"MCCLENDON, MARTIN",0.2664,5306,0.8242,9,0,0.766332805,0,0.526259045,1.380630688,-0.065621144
"MCDERMOTT, JAMES",0.7326,5307,-0.5765,7,1,0.278260939,1,0.505876875,1.276229952,-0.896623144
"KELLER, CRAIG",1.0396,5307,0.1146,0,0,0.969360939,0,0.505876875,1.276229952,-0.896623144
"RITCHIE, JASON",0.556,5308,-0.1683,13,1,0.258993107,0,0.519599699,1.417478051,-0.035731205
"REICHERT, DAVE",0.3604,5308,1.0594,7,0,0.968706893,1,0.519599699,1.417478051,-0.035731205
"SMITH, D ADAM",0.7248,5309,-0.4012,5,1,0.006472575,1,0.602475622,1.408405362,-0.489522693
"BASLER, DOUGLAS MICHAEL",0.0017,5309,0.6351,4,0,1.042772575,0,0.602475622,1.408405362,-0.489522693
"ZERBAN, ROBERT T",0.739,5501,-0.0104,14,1,0.272081343,0,0.49036097,1.325336491,0.119963717
"RYAN, PAUL D",0.1148,5501,2.389,1,0,2.127318657,1,0.49036097,1.325336491,0.119963717
"POCAN, MARK",1.6099,5502,-0.9193,0,1,0.547125404,1,0.494603894,1.341437836,-0.457199679
"THERON, DANIEL PETER",-0.0107,5502,-1.0691,0,0,0.696925404,0,0.494603894,1.341437836,-0.457199679
"KIND, RONALD JAMES",0.6964,5503,-0.7068,8,1,0.869705799,1,0.476850048,1.262026466,0.03002273
"KURTZ, TONY",0.1417,5503,0.4502,8,0,0.287294201,0,0.476850048,1.262026466,0.03002273
"MOORE, GWEN S",0.471,5504,-0.8445,1,1,0.624682779,1,0.637120322,1.28200884,-0.31846926
"SEBRING, DANIEL P",0.5967,5504,0.4094,7,0,0.629217221,0,0.637120322,1.28200884,-0.31846926
"ROCKWOOD, CHRISTOPHER B",0.5704,5505,0.0655,4,1,0.435643576,0,0.454391718,1.384928356,0.338008271
"SENSENBRENNER, F. JAMES JR.",0.4297,5505,NA,0,0,NA,1,0.454391718,1.384928356,0.338008271
"HARRIS, MARK L",0.5664,5506,-0.0845,5,1,0.442185641,0,0.464221697,1.25022559,0.207381319
"GROTHMAN, GLENN S",0.7468,5506,-0.0046,8,0,0.362285641,0,0.464221697,1.25022559,0.207381319
"WESTLUND, KELLY",0.5368,5507,-0.1273,5,1,0.480698958,0,0.471197092,1.234776558,0.20347804
"DUFFY, SEAN",0.7551,5507,0.6229,9,0,0.269501042,1,0.471197092,1.234776558,0.20347804
"GRUETT, RON",0.7337,5508,-0.1508,13,1,0.475101971,0,0.474220017,1.257679028,0.176983509
"RIBBLE, REID J. REP.",0.7479,5508,0.431,8,0,0.106698029,1,0.474220017,1.257679028,0.176983509
"GAINER, GLEN III",0.4718,5401,0.6411,6,1,0.280132183,0,0.479435919,1.221945019,0.210369935
"MCKINLEY, DAVID B. MR.",0.3856,5401,0.7914,5,0,0.430432183,1,0.479435919,1.221945019,0.210369935
"CASEY, GEORGE NICHOLAS JR",0.2364,5402,0.9631,6,1,0.673515859,0,0.484165288,1.205353487,0.145370868
"MOONEY, ALEXANDER XAVIER",0.5191,5402,2.0178,11,0,1.728215859,0,0.484165288,1.205353487,0.145370868
"RAHALL, NICK J. II",0.6476,5403,0.2994,6,1,0.210258226,1,0.497966772,1.217470824,0.345761364
"JENKINS, EVAN H",0.7544,5403,-0.019,6,0,0.528658226,0,0.497966772,1.217470824,0.345761364
"Grayson, Richard",NA,5600,NA,NA,1,NA,0,0.484372945,NA,0.427016651
"LUMMIS, CYNTHIA MARIE",0.5375,5600,1.4917,6,0,0.892805093,1,0.484372945,NA,0.427016651
