"","year","id","county","trauma","totalvisits","admit","emslevel","stations","divert","diverthours","admitrate","logdivert","year2013","admit1","totalvisits1","ems_basic","trauma_L0"
"1",2013,106014233,"Alameda","0",43286,6186,"Basic",22,"Yes",268,0.142909947789123,5.59098698051086,0,6.186,43.286,1,1
"2",2013,106190758,"Los Angeles","0",61915,8648,"Basic",38,"Yes",22,0.139675361382541,3.09104245335832,0,8.648,61.915,1,1
"3",2013,106300032,"Orange","0",54217,5670,"Basic",31,"Yes",11,0.104579744360625,2.39789527279837,0,5.67,54.217,1,1
"4",2013,106301205,"Orange","0",69558,10596,"Basic",56,"Yes",40,0.15233330458035,3.68887945411394,0,10.596,69.558,1,1
"5",2013,106301262,"Orange","LEVEL II",42994,9796,"Basic",33,"Yes",392,0.227845745918035,5.97126183979046,0,9.796,42.994,1,0
"6",2013,106304113,"Orange","0",14529,921,"Basic",46,"Yes",385,0.0633904604583936,5.95324333428778,0,0.921,14.529,1,1
"7",2013,106380964,"San Francisco","0",24783,2068,"Basic",10,"Yes",874,0.0834442964935641,6.77308037565554,0,2.068,24.783,1,1
"8",2014,106014233,"Alameda","LEVEL II",44068,4820,"Basic",22,"Yes",204,0.109376418262685,5.31811999384422,1,4.82,44.068,1,0
"9",2014,106190758,"Los Angeles","0",50818,7370,"Basic",38,"Yes",91,0.145027352512889,4.51085950651685,1,7.37,50.818,1,1
"10",2014,106301262,"Orange","LEVEL II",43440,10337,"Basic",33,"Yes",683,0.237960405156538,6.52649485957079,1,10.337,43.44,1,0
"11",2014,106304113,"Orange","0",13632,1088,"Basic",33,"Yes",673,0.07981220657277,6.51174532964473,1,1.088,13.632,1,1
"12",2014,106380964,"San Francisco","0",25213,2015,"Basic",10,"Yes",1157,0.0799190893586642,7.05358572719368,1,2.015,25.213,1,1
"13",2015,106190758,"Los Angeles","0",65959,12272,"Basic",28,"Yes",287,0.186054973544171,5.65948221575962,2,12.272,65.959,1,1
"14",2015,106301262,"Orange","LEVEL II",42174,9528,"Basic",33,"Yes",554,0.225921183667663,6.31716468674728,2,9.528,42.174,1,0
"15",2015,106304113,"Orange","0",13090,1089,"Basic",45,"Yes",602,0.0831932773109244,6.40025744530882,2,1.089,13.09,1,1
"16",2015,106380964,"San Francisco","0",26030,2222,"Basic",12,"Yes",1433,0.0853630426431041,7.26752542782817,2,2.222,26.03,1,1
"17",2014,106190587,"Los Angeles","0",14513,4876,"Basic",7,"Yes",217,0.335974643423138,5.37989735354046,1,4.876,14.513,1,1
"18",2013,106190522,"Los Angeles","0",29945,2800,"Basic",15,"Yes",643,0.0935047587243279,6.46614472423762,0,2.8,29.945,1,1
"19",2014,106014050,"Alameda","0",30755,5608,"Basic",18,"Yes",9,0.182344334254593,2.19722457733622,1,5.608,30.755,1,1
"20",2013,106301340,"Orange","0",80655,10921,"Basic",53,"Yes",17,0.135403880726551,2.83321334405622,0,10.921,80.655,1,1
"21",2013,106380933,"San Francisco","0",14395,1636,"Basic",11,"Yes",356,0.113650573115665,5.87493073085203,0,1.636,14.395,1,1
"22",2013,106190017,"Los Angeles","0",17395,3254,"Basic",8,"Yes",226,0.187065248634665,5.42053499927229,0,3.254,17.395,1,1
"23",2013,106190568,"Los Angeles","LEVEL II",58122,11891,"Basic",25,"Yes",960,0.204586903410068,6.86693328446188,0,11.891,58.122,1,0
"24",2013,106430763,"Santa Clara","0",43780,6820,"Basic",28,"Yes",254,0.155778894472362,5.53733426701854,0,6.82,43.78,1,1
"25",2014,106190631,"Los Angeles","0",76411,11764,"Basic",61,"Yes",8,0.153956891023544,2.07944154167984,1,11.764,76.411,1,1
"26",2013,106010739,"Alameda","0",44112,5183,"Basic",22,"Yes",43,0.117496372869061,3.76120011569356,0,5.183,44.112,1,1
"27",2013,106190524,"Los Angeles","0",19803,5706,"Basic",8,"Yes",56,0.288138160884714,4.02535169073515,0,5.706,19.803,1,1
"28",2014,106190256,"Los Angeles","0",13835,1761,"Basic",8,"Yes",2,0.127285869172389,0.693147180559945,1,1.761,13.835,1,1
"29",2013,106430705,"Santa Clara","LEVEL II",62680,9551,"Basic",33,"Yes",152,0.152377153797064,5.02388052084628,0,9.551,62.68,1,0
"30",2014,106301098,"Orange","0",42877,8096,"Basic",21,"Yes",184,0.188819180446393,5.21493575760899,1,8.096,42.877,1,1
"31",2013,106350784,"San Benito","0",16573,1559,"Basic",18,"Yes",2,0.0940686659023713,0.693147180559945,0,1.559,16.573,1,1
"32",2014,106190756,"Los Angeles","0",29625,6916,"Basic",27,"Yes",1084,0.233451476793249,6.98841318199959,1,6.916,29.625,1,1
"33",2014,106190517,"Los Angeles","0",28888,6466,"Basic",15,"Yes",218,0.223829963998892,5.38449506278909,1,6.466,28.888,1,1
"34",2014,106190385,"Los Angeles","LEVEL II",90426,8844,"Basic",32,"Yes",512,0.097803729015991,6.23832462503951,1,8.844,90.426,1,0
"35",2013,106381154,"San Francisco","0",40099,10324,"Basic",33,"Yes",807,0.257462779620439,6.69332366826995,0,10.324,40.099,1,1
"36",2014,106431506,"Santa Clara","0",56447,5833,"Basic",28,"Yes",101,0.103335872588446,4.61512051684126,1,5.833,56.447,1,1
"37",2014,106190240,"Los Angeles","0",51463,6295,"Basic",14,"Yes",1352,0.122320890737034,7.20934025660291,1,6.295,51.463,1,1
"38",2013,106190159,"Los Angeles","0",11689,2212,"Basic",8,"Yes",75,0.189237744888357,4.31748811353631,0,2.212,11.689,1,1
"39",2013,106010937,"Alameda","0",41576,8038,"Basic",31,"Yes",189,0.193332691937656,5.24174701505964,0,8.038,41.576,1,1
"40",2014,106010937,"Alameda","0",44786,8077,"Basic",31,"Yes",62,0.180346536864199,4.12713438504509,1,8.077,44.786,1,1
"41",2013,106190431,"Los Angeles","0",57032,6532,"Basic",37,"Yes",463,0.11453219245336,6.13772705408623,0,6.532,57.032,1,1
"42",2013,106214034,"Marin","0",14337,1448,"Basic",9,"Yes",124,0.100997419264839,4.82028156560504,0,1.448,14.337,1,1
"43",2014,106190812,"Los Angeles","0",61819,7923,"Basic",27,"Yes",341,0.128164480175998,5.83188247728352,1,7.923,61.819,1,1
"44",2013,106370658,"San Diego","0",49007,7427,"Basic",24,"Yes",228,0.151549778603057,5.42934562895444,0,7.427,49.007,1,1
"45",2014,106190696,"Los Angeles","0",13642,2603,"Basic",7,"Yes",203,0.190807799442897,5.31320597904179,1,2.603,13.642,1,1
"46",2014,106196035,"Los Angeles","0",78219,7283,"Basic",40,"Yes",3013,0.0931103696032933,8.0106915391303,1,7.283,78.219,1,1
"47",2014,106196403,"Los Angeles","0",95144,10141,"Basic",63,"Yes",1612,0.106585806777096,7.38523092306657,1,10.141,95.144,1,1
"48",2013,106301325,"Orange","0",14341,1795,"Basic",10,"Yes",76,0.125165609092811,4.33073334028633,0,1.795,14.341,1,1
"49",2013,106391042,"San Joaquin","0",53870,9371,"Basic",32,"Yes",468,0.173955819565621,6.14846829591765,0,9.371,53.87,1,1
"50",2013,106190298,"Los Angeles","0",27352,3146,"Basic",23,"Yes",108,0.115019011406844,4.68213122712422,0,3.146,27.352,1,1
"51",2013,106191231,"Los Angeles","0",59340,8663,"Basic",51,"Yes",87,0.145989214694978,4.46590811865458,0,8.663,59.34,1,1
"52",2013,106154108,"Kern","0",41176,4389,"Basic",19,"Yes",31,0.106591218185351,3.43398720448515,0,4.389,41.176,1,1
"53",2013,106380960,"San Francisco","0",31666,3720,"Basic",19,"Yes",544,0.117476157392787,6.29894924685594,0,3.72,31.666,1,1
"54",2014,106434153,"Santa Clara","0",67031,8002,"Basic",32,"Yes",21,0.119377601408304,3.04452243772342,1,8.002,67.031,1,1
"55",2013,106190534,"Los Angeles","0",24201,4212,"Basic",16,"Yes",172,0.174042394942358,5.14749447681345,0,4.212,24.201,1,1
"56",2014,106190687,"Los Angeles","0",41865,6995,"Basic",21,"Yes",660,0.167084676937776,6.49223983502047,1,6.995,41.865,1,1
"57",2014,106370714,"San Diego","0",109262,20465,"Basic",62,"Yes",2640,0.187302081235928,7.87853419614036,1,20.465,109.262,1,1
"58",2014,106370875,"San Diego","0",63356,10081,"Basic",44,"Yes",1025,0.15911673716775,6.93244789157251,1,10.081,63.356,1,1
"59",2013,106301258,"Orange","0",21375,1902,"Basic",10,"Yes",220,0.0889824561403509,5.39362754635236,0,1.902,21.375,1,1
"60",2013,106444013,"Santa Cruz","0",28145,2174,"Basic",14,"Yes",10,0.0772428495292237,2.30258509299405,0,2.174,28.145,1,1
"61",2013,106301248,"Orange","0",30312,6232,"Basic",20,"Yes",492,0.205595143837424,6.19847871649231,0,6.232,30.312,1,1
"62",2013,106300225,"Orange","0",29184,7234,"Basic",14,"Yes",768,0.247875548245614,6.64378973314767,0,7.234,29.184,1,1
"63",2014,106191231,"Los Angeles","0",57059,8328,"Basic",51,"Yes",1637,0.145954187770553,7.40062057737113,1,8.328,57.059,1,1
"64",2014,106301279,"Orange","LEVEL I",44380,11122,"Comprehensive",36,"Yes",320,0.250608382154123,5.76832099579377,1,11.122,44.38,0,0
"65",2014,106190636,"Los Angeles","0",59571,9514,"Basic",30,"Yes",359,0.15970858303537,5.88332238848828,1,9.514,59.571,1,1
"66",2013,106301098,"Orange","0",41331,8761,"Basic",21,"Yes",362,0.211971643560524,5.89164421182577,0,8.761,41.331,1,1
"67",2013,106190434,"Los Angeles","0",64056,5761,"Basic",53,"Yes",871,0.0899369301860872,6.7696419768525,0,5.761,64.056,1,1
"68",2014,106190432,"Los Angeles","0",59309,4630,"Basic",34,"Yes",1448,0.0780657235832673,7.27793857294566,1,4.63,59.309,1,1
"69",2013,106370744,"San Diego","LEVEL I",60085,14254,"Basic",52,"Yes",62,0.237230589997504,4.12713438504509,0,14.254,60.085,1,0
"70",2014,106301566,"Orange","LEVEL II",22321,3900,"Basic",20,"Yes",604,0.17472335468841,6.40357419793482,1,3.9,22.321,1,0
"71",2014,106190148,"Los Angeles","0",65074,12672,"Basic",44,"Yes",1,0.194732151089529,0,1,12.672,65.074,1,1
"72",2014,106391042,"San Joaquin","0",58759,10023,"Basic",36,"Yes",777,0.17057812420225,6.65544035036765,1,10.023,58.759,1,1
"73",2014,106190673,"Los Angeles","0",16848,3061,"Basic",8,"Yes",3,0.181683285849953,1.09861228866811,1,3.061,16.848,1,1
"74",2014,106391056,"San Joaquin","0",35017,2857,"Basic",14,"Yes",38,0.0815889425136362,3.63758615972639,1,2.857,35.017,1,1
"75",2013,106010846,"Alameda","LEVEL II",92078,9621,"Basic",52,"Yes",380,0.104487499728491,5.94017125272043,0,9.621,92.078,1,0
"76",2013,106150736,"Kern","LEVEL II",47517,3931,"Basic",32,"Yes",11,0.0827282867184376,2.39789527279837,0,3.931,47.517,1,0
"77",2013,106560501,"Ventura","0",7793,659,"Standby",6,"Yes",9,0.0845630694212755,2.19722457733622,0,0.659,7.793,0,1
"78",2014,106190524,"Los Angeles","0",19580,5346,"Basic",8,"Yes",21,0.273033707865169,3.04452243772342,1,5.346,19.58,1,1
"79",2013,106190878,"Los Angeles","0",51892,8206,"Basic",28,"Yes",2,0.158136128883065,0.693147180559945,0,8.206,51.892,1,1
"80",2013,106504042,"Stanislaus","0",36615,3756,"Basic",37,"Yes",1,0.102580909463335,0,0,3.756,36.615,1,1
"81",2013,106190636,"Los Angeles","0",53911,8779,"Basic",30,"Yes",307,0.162842462577211,5.7268477475872,0,8.779,53.911,1,1
"82",2014,106190568,"Los Angeles","LEVEL II",56767,9673,"Basic",25,"Yes",837,0.170398294783941,6.72982407048948,1,9.673,56.767,1,0
"83",2014,106370977,"San Diego","0",20096,2801,"Basic",17,"Yes",563,0.13938097133758,6.33327962813969,1,2.801,20.096,1,1
"84",2014,106301258,"Orange","0",21442,1739,"Basic",10,"Yes",158,0.0811025090943009,5.06259503302697,1,1.739,21.442,1,1
"85",2014,106190522,"Los Angeles","0",36183,5363,"Basic",15,"Yes",495,0.148218776773623,6.20455776256869,1,5.363,36.183,1,1
"86",2014,106300225,"Orange","0",31067,7203,"Basic",14,"Yes",161,0.231853735474941,5.08140436498446,1,7.203,31.067,1,1
"87",2013,106341006,"Sacramento","LEVEL I",59967,14788,"Comprehensive",65,"Yes",21,0.246602297930528,3.04452243772342,0,14.788,59.967,0,0
"88",2014,106380939,"San Francisco","LEVEL I",73120,15159,"Comprehensive",24,"Yes",3583,0.207316739606127,8.18395571730495,1,15.159,73.12,0,0
"89",2014,106392287,"San Joaquin","0",32073,2609,"Basic",11,"Yes",7,0.0813456801671188,1.94591014905531,1,2.609,32.073,1,1
"90",2013,106430779,"Santa Clara","0",47330,7717,"Basic",29,"Yes",29,0.163046693429115,3.36729582998647,0,7.717,47.33,1,1
"91",2013,106191450,"Los Angeles","0",39080,4672,"Basic",27,"Yes",570,0.119549641760491,6.3456363608286,0,4.672,39.08,1,1
"92",2013,106430837,"Santa Clara","0",48229,8503,"Basic",23,"Yes",180,0.176304712932053,5.19295685089021,0,8.503,48.229,1,1
"93",2014,106190382,"Los Angeles","0",34482,6041,"Basic",20,"Yes",125,0.175192854242793,4.8283137373023,1,6.041,34.482,1,1
"94",2014,106370658,"San Diego","0",52134,7645,"Basic",24,"Yes",249,0.146641347297349,5.51745289646471,1,7.645,52.134,1,1
"95",2014,106190570,"Los Angeles","0",7217,2301,"Basic",4,"Yes",1103,0.318830539005127,7.0057890192535,1,2.301,7.217,1,1
"96",2013,106370977,"San Diego","0",21744,2957,"Basic",20,"Yes",312,0.135991537895511,5.74300318780948,0,2.957,21.744,1,1
"97",2014,106190197,"Los Angeles","0",37015,3293,"Basic",14,"Yes",224,0.0889639335404566,5.41164605185504,1,3.293,37.015,1,1
"98",2013,106390923,"San Joaquin","0",33370,5043,"Basic",28,"Yes",96,0.151123763859754,4.56434819146784,0,5.043,33.37,1,1
"99",2014,106190110,"Los Angeles","0",25294,7191,"Basic",27,"Yes",254,0.284296671147308,5.53733426701854,1,7.191,25.294,1,1
"100",2013,106190812,"Los Angeles","0",61797,7808,"Basic",27,"Yes",204,0.12634917552632,5.31811999384422,0,7.808,61.797,1,1
"101",2013,106400548,"San Luis Obispo","0",32514,3466,"Basic",23,"Yes",16,0.106600233745463,2.77258872223978,0,3.466,32.514,1,1
"102",2013,106370652,"San Diego","0",24219,4552,"Basic",16,"Yes",689,0.187951608241463,6.53524127101366,0,4.552,24.219,1,1
"103",2014,106370782,"San Diego","LEVEL I",43142,7388,"Comprehensive",36,"Yes",1091,0.171248435399379,6.99484998583307,1,7.388,43.142,0,0
"104",2013,106301342,"Orange","0",63436,7660,"Basic",36,"Yes",19,0.120751623683713,2.94443897916644,0,7.66,63.436,1,1
"105",2013,106394009,"San Joaquin","0",23294,919,"Basic",10,"Yes",5,0.0394522194556538,1.6094379124341,0,0.919,23.294,1,1
"106",2013,106196405,"Los Angeles","0",52634,6412,"Basic",35,"Yes",265,0.121822396169776,5.57972982598622,0,6.412,52.634,1,1
"107",2013,106420493,"Santa Barbara","0",66684,5682,"Basic",32,"Yes",4,0.0852078459600504,1.38629436111989,0,5.682,66.684,1,1
"108",2013,106301279,"Orange","LEVEL I",41426,10769,"Comprehensive",36,"Yes",826,0.259957514604355,6.71659477352098,0,10.769,41.426,0,0
"109",2014,106380929,"San Francisco","0",27430,7490,"Basic",19,"Yes",296,0.273058694859643,5.69035945432406,1,7.49,27.43,1,1
"110",2014,106301140,"Orange","0",9028,1010,"Basic",8,"Yes",5,0.111874169251218,1.6094379124341,1,1.01,9.028,1,1
"111",2014,106301340,"Orange","0",77950,9701,"Basic",53,"Yes",434,0.124451571520205,6.07304453410041,1,9.701,77.95,1,1
"112",2014,106374141,"San Diego","0",24845,4952,"Basic",32,"Yes",560,0.199315757697726,6.32793678372919,1,4.952,24.845,1,1
"113",2013,106370759,"San Diego","0",32705,6584,"Basic",20,"Yes",4,0.201314783672221,1.38629436111989,0,6.584,32.705,1,1
"114",2014,106374382,"San Diego","0",51582,9376,"Basic",52,"Yes",848,0.181768834089411,6.7428806357919,1,9.376,51.582,1,1
"115",2013,106304045,"Orange","0",29425,4317,"Basic",14,"Yes",114,0.146711979609176,4.7361984483945,0,4.317,29.425,1,1
"116",2014,106190400,"Los Angeles","LEVEL II",60721,14565,"Basic",50,"Yes",385,0.239867591113453,5.95324333428778,1,14.565,60.721,1,0
"117",2014,106190159,"Los Angeles","0",12952,2741,"Basic",8,"Yes",1096,0.211627547869055,6.99942246750796,1,2.741,12.952,1,1
"118",2013,106190432,"Los Angeles","0",55711,5937,"Basic",34,"Yes",1636,0.106567823230601,7.40000951716269,0,5.937,55.711,1,1
"119",2013,106190521,"Los Angeles","0",35389,7624,"Basic",10,"Yes",97,0.215434174460991,4.57471097850338,0,7.624,35.389,1,1
"120",2013,106190796,"Los Angeles","LEVEL I",42016,8907,"Comprehensive",33,"Yes",4,0.211990670220868,1.38629436111989,0,8.907,42.016,0,0
"121",2013,106190280,"Los Angeles","0",9374,1897,"Basic",8,"Yes",4,0.202368252613612,1.38629436111989,0,1.897,9.374,1,1
"122",2013,106190818,"Los Angeles","0",20119,3364,"Basic",13,"Yes",797,0.167205129479596,6.68085467879022,0,3.364,20.119,1,1
"123",2014,106370744,"San Diego","LEVEL I",65134,13907,"Basic",52,"Yes",34,0.21351367949151,3.52636052461616,1,13.907,65.134,1,0
"124",2014,106300032,"Orange","0",69537,5845,"Basic",31,"Yes",2,0.0840559702029136,0.693147180559945,1,5.845,69.537,1,1
"125",2014,106190555,"Los Angeles","LEVEL I",87061,21228,"Basic",51,"Yes",97,0.24382903940915,4.57471097850338,1,21.228,87.061,1,0
"126",2014,106240924,"Merced","0",30727,773,"Basic",9,"Yes",7,0.0251570280209588,1.94591014905531,1,0.773,30.727,1,1
"127",2013,106560529,"Ventura","0",49211,5544,"Basic",20,"Yes",179,0.112657739123367,5.18738580584075,0,5.544,49.211,1,1
"128",2014,106190392,"Los Angeles","0",34291,4917,"Basic",12,"Yes",1614,0.143390393980928,7.38647084882989,1,4.917,34.291,1,1
"129",2014,106301175,"Orange","0",45920,5881,"Basic",25,"Yes",50,0.128070557491289,3.91202300542815,1,5.881,45.92,1,1
"130",2013,106382715,"San Francisco","0",6121,1442,"Standby",5,"Yes",1663,0.235582421173011,7.41637847919293,0,1.442,6.121,0,1
"131",2014,106304045,"Orange","0",31707,4141,"Basic",14,"Yes",111,0.130602075251522,4.70953020131233,1,4.141,31.707,1,1
"132",2014,106190949,"Los Angeles","LEVEL II",67566,9825,"Basic",36,"Yes",259,0.145413373590267,5.55682806169954,1,9.825,67.566,1,0
"133",2014,106370694,"San Diego","LEVEL II",81005,13412,"Basic",52,"Yes",176,0.165570026541572,5.17048399503815,1,13.412,81.005,1,0
"134",2013,106560508,"Ventura","0",19589,2423,"Basic",14,"Yes",134,0.123691867885038,4.89783979995091,0,2.423,19.589,1,1
"135",2013,106190352,"Los Angeles","0",17321,1937,"Basic",9,"Yes",203,0.111829571040933,5.31320597904179,0,1.937,17.321,1,1
"136",2014,106380965,"San Francisco","0",16990,2237,"Basic",13,"Yes",192,0.131665685697469,5.25749537202778,1,2.237,16.99,1,1
"137",2013,106190500,"Los Angeles","0",21815,2820,"Basic",15,"Yes",584,0.129268851707541,6.36990098282823,0,2.82,21.815,1,1
"138",2013,106301317,"Orange","0",34742,8082,"Basic",31,"Yes",308,0.232629094467791,5.73009978297357,0,8.082,34.742,1,1
"139",2013,106150722,"Kern","0",69436,8880,"Basic",36,"Yes",55,0.127887551126217,4.00733318523247,0,8.88,69.436,1,1
"140",2014,106190081,"Los Angeles","0",29162,3093,"Basic",16,"Yes",471,0.106062684315205,6.15485809401642,1,3.093,29.162,1,1
"141",2014,106440755,"Santa Cruz","0",45738,8120,"Basic",24,"Yes",97,0.177532904805632,4.57471097850338,1,8.12,45.738,1,1
"142",2014,106190796,"Los Angeles","LEVEL I",43945,8964,"Comprehensive",33,"Yes",3242,0.203982250540448,8.08394570229562,1,8.964,43.945,0,0
"143",2014,106444013,"Santa Cruz","0",29381,2543,"Basic",14,"Yes",8,0.0865525339505122,2.07944154167984,1,2.543,29.381,1,1
"144",2013,106560521,"Ventura","0",15466,1143,"Basic",9,"Yes",2,0.0739040475882581,0.693147180559945,0,1.143,15.466,1,1
"145",2014,106304409,"Orange","0",57057,6769,"Basic",36,"Yes",48,0.118635750214698,3.87120101090789,1,6.769,57.057,1,1
"146",2013,106190243,"Los Angeles","0",52376,6980,"Basic",22,"Yes",2,0.13326714525737,0.693147180559945,0,6.98,52.376,1,1
"147",2014,106301188,"Orange","0",15493,2297,"Basic",11,"Yes",197,0.148260504744078,5.28320372873799,1,2.297,15.493,1,1
"148",2013,106190315,"Los Angeles","0",24518,5821,"Basic",21,"Yes",522,0.237417407618892,6.25766758788264,0,5.821,24.518,1,1
"149",2014,106190859,"Los Angeles","0",48340,6940,"Basic",30,"Yes",79,0.143566404633844,4.36944785246702,1,6.94,48.34,1,1
"150",2014,106301248,"Orange","0",31621,5825,"Basic",20,"Yes",476,0.18421302299105,6.16541785423142,1,5.825,31.621,1,1
"151",2013,106374141,"San Diego","0",24024,5606,"Basic",32,"Yes",364,0.233349983349983,5.89715386763674,0,5.606,24.024,1,1
"152",2013,106370875,"San Diego","0",56862,9730,"Basic",44,"Yes",480,0.171116035313566,6.17378610390194,0,9.73,56.862,1,1
"153",2014,106190243,"Los Angeles","0",50993,6127,"Basic",22,"Yes",879,0.12015374659267,6.77878489768518,1,6.127,50.993,1,1
"154",2014,106190630,"Los Angeles","0",91318,8909,"Basic",50,"Yes",113,0.0975601743358374,4.72738781871234,1,8.909,91.318,1,1
"155",2013,106190125,"Los Angeles","LEVEL II",66348,8639,"Basic",27,"Yes",894,0.13020739133056,6.79570577517351,0,8.639,66.348,1,0
"156",2014,106190053,"Los Angeles","LEVEL II",54823,6283,"Basic",26,"Yes",2204,0.114605183955639,7.6980291702728,1,6.283,54.823,1,0
"157",2014,106380960,"San Francisco","0",31663,3493,"Basic",19,"Yes",939,0.110318036825317,6.84481547920826,1,3.493,31.663,1,1
"158",2014,106013619,"Alameda","0",31463,3772,"Basic",12,"Yes",37,0.11988685122207,3.61091791264422,1,3.772,31.463,1,1
"159",2013,106190200,"Los Angeles","0",23477,4404,"Basic",12,"Yes",202,0.187587851940197,5.30826769740121,0,4.404,23.477,1,1
"160",2013,106431506,"Santa Clara","0",53250,6105,"Basic",28,"Yes",19,0.114647887323944,2.94443897916644,0,6.105,53.25,1,1
"161",2014,106301325,"Orange","0",14428,1630,"Basic",10,"Yes",112,0.11297477127807,4.71849887129509,1,1.63,14.428,1,1
"162",2013,106301188,"Orange","0",15430,2493,"Basic",11,"Yes",357,0.161568373298769,5.87773578177964,0,2.493,15.43,1,1
"163",2013,106150788,"Kern","0",71596,11679,"Basic",22,"Yes",40,0.163123638192078,3.68887945411394,0,11.679,71.596,1,1
"164",2013,106380939,"San Francisco","LEVEL I",63280,14478,"Comprehensive",24,"Yes",3241,0.228792667509482,8.08363720314155,0,14.478,63.28,0,0
"165",2013,106010856,"Alameda","0",54469,6538,"Basic",32,"Yes",76,0.120031577594595,4.33073334028633,0,6.538,54.469,1,1
"166",2013,106190053,"Los Angeles","LEVEL II",56696,6468,"Basic",26,"Yes",1532,0.114082122195569,7.33432935030054,0,6.468,56.696,1,0
"167",2014,106430883,"Santa Clara","LEVEL I",64203,12155,"Comprehensive",24,"Yes",243,0.189321371275486,5.49306144334055,1,12.155,64.203,0,0
"168",2014,106381154,"San Francisco","0",44572,9297,"Basic",33,"Yes",1031,0.208583864309432,6.93828448401696,1,9.297,44.572,1,1
"169",2014,106190754,"Los Angeles","LEVEL II",75222,9658,"Basic",46,"Yes",3504,0.128393289197309,8.16166045205628,1,9.658,75.222,1,0
"170",2014,106430837,"Santa Clara","0",48950,5825,"Basic",23,"Yes",34,0.11899897854954,3.52636052461616,1,5.825,48.95,1,1
"171",2014,106370771,"San Diego","LEVEL II",34264,7574,"Basic",19,"Yes",5,0.221048330609386,1.6094379124341,1,7.574,34.264,1,0
"172",2014,106014326,"Alameda","0",56277,7587,"Basic",48,"Yes",48,0.134815288661443,3.87120101090789,1,7.587,56.277,1,1
"173",2014,106301297,"Orange","0",27064,2333,"Basic",20,"Yes",2,0.0862030741945019,0.693147180559945,1,2.333,27.064,1,1
"174",2013,106190949,"Los Angeles","LEVEL II",60823,9366,"Basic",36,"Yes",429,0.153987800667511,6.06145691892802,0,9.366,60.823,1,0
"175",2013,106491064,"Sonoma","LEVEL II",37035,6637,"Basic",26,"Yes",4,0.179208856487107,1.38629436111989,0,6.637,37.035,1,0
"176",2013,106391056,"San Joaquin","0",32398,2510,"Basic",14,"Yes",43,0.0774739181430952,3.76120011569356,0,2.51,32.398,1,1
"177",2013,106380929,"San Francisco","0",27987,7873,"Basic",19,"Yes",211,0.2813091792618,5.35185813347607,0,7.873,27.987,1,1
"178",2013,106190631,"Los Angeles","0",70719,11186,"Basic",61,"Yes",156,0.158175313564954,5.04985600724954,0,11.186,70.719,1,1
"179",2013,106560492,"Ventura","LEVEL II",41483,8292,"Basic",23,"Yes",30,0.199889111202179,3.40119738166216,0,8.292,41.483,1,0
"180",2014,106190429,"Los Angeles","0",66365,8257,"Basic",45,"Yes",3349,0.124417991411135,8.1164170727942,1,8.257,66.365,1,1
"181",2013,106190470,"Los Angeles","0",68300,12178,"Basic",29,"Yes",359,0.178301610541728,5.88332238848828,0,12.178,68.3,1,1
"182",2013,106190413,"Los Angeles","0",21836,5669,"Basic",12,"Yes",116,0.259617145997435,4.75359019110636,0,5.669,21.836,1,1
"183",2013,106190859,"Los Angeles","0",42280,6219,"Basic",30,"Yes",163,0.147090823084201,5.09375020080676,0,6.219,42.28,1,1
"184",2013,106190630,"Los Angeles","0",84395,9866,"Basic",50,"Yes",277,0.116902660110196,5.62401750618734,0,9.866,84.395,1,1
"185",2014,106400548,"San Luis Obispo","0",34201,3112,"Basic",23,"Yes",3,0.0909914914768574,1.09861228866811,1,3.112,34.201,1,1
"186",2014,106190323,"Los Angeles","0",52097,12553,"Basic",36,"Yes",889,0.240954373572375,6.7900972355139,1,12.553,52.097,1,1
"187",2013,106190382,"Los Angeles","0",33456,6883,"Basic",20,"Yes",123,0.205732902917264,4.81218435537242,0,6.883,33.456,1,1
"188",2014,106190878,"Los Angeles","0",56221,8475,"Basic",28,"Yes",22,0.150744383771189,3.09104245335832,1,8.475,56.221,1,1
"189",2014,106190818,"Los Angeles","0",22078,3653,"Basic",13,"Yes",290,0.165458827792373,5.66988092298052,1,3.653,22.078,1,1
"190",2014,106070988,"Contra Costa","LEVEL II",43570,9494,"Basic",44,"Yes",65,0.217902226302502,4.17438726989564,1,9.494,43.57,1,0
"191",2013,106560525,"Ventura","0",30441,4741,"Basic",10,"Yes",10,0.155743898032259,2.30258509299405,0,4.741,30.441,1,1
"192",2013,106190323,"Los Angeles","0",48310,13772,"Basic",36,"Yes",515,0.285075553715587,6.24416690066374,0,13.772,48.31,1,1
"193",2013,106301175,"Orange","0",41118,10119,"Basic",25,"Yes",387,0.246096600029184,5.95842469302978,0,10.119,41.118,1,1
"194",2014,106190525,"Los Angeles","LEVEL II",98421,15751,"Basic",53,"Yes",1709,0.160036983976997,7.44366368311559,1,15.751,98.421,1,0
"195",2013,106190170,"Los Angeles","0",66319,4562,"Basic",39,"Yes",101,0.0687887332438668,4.61512051684126,0,4.562,66.319,1,1
"196",2014,106301342,"Orange","0",62782,7165,"Basic",36,"Yes",39,0.114125067694562,3.66356164612965,1,7.165,62.782,1,1
"197",2013,106190385,"Los Angeles","LEVEL II",85399,9431,"Basic",32,"Yes",540,0.110434548413916,6.29156913955832,0,9.431,85.399,1,0
"198",2014,106371394,"San Diego","0",42796,6361,"Basic",38,"Yes",6,0.148635386484718,1.79175946922805,1,6.361,42.796,1,1
"199",2014,106430779,"Santa Clara","0",57496,8512,"Basic",25,"Yes",15,0.148045081396967,2.70805020110221,1,8.512,57.496,1,1
"200",2013,106301140,"Orange","0",8900,1066,"Basic",8,"Yes",22,0.119775280898876,3.09104245335832,0,1.066,8.9,1,1
"201",2014,106190680,"Los Angeles","0",46082,3114,"Basic",16,"Yes",258,0.0675751920489562,5.55295958492162,1,3.114,46.082,1,1
"202",2014,106190500,"Los Angeles","0",24149,2309,"Basic",18,"Yes",250,0.0956147252474222,5.52146091786225,1,2.309,24.149,1,1
"203",2013,106304306,"Orange","0",38390,5312,"Basic",36,"Yes",44,0.138369367022662,3.78418963391826,0,5.312,38.39,1,1
"204",2014,106301317,"Orange","0",35979,7476,"Basic",31,"Yes",308,0.207787876261152,5.73009978297357,1,7.476,35.979,1,1
"205",2013,106440755,"Santa Cruz","0",41115,8856,"Basic",24,"Yes",27,0.215395840933966,3.29583686600433,0,8.856,41.115,1,1
"206",2013,106190081,"Los Angeles","0",32793,6681,"Basic",17,"Yes",572,0.203732503888025,6.3491389913798,0,6.681,32.793,1,1
"207",2014,106190883,"Los Angeles","0",28215,4719,"Basic",11,"Yes",24,0.167251461988304,3.17805383034795,1,4.719,28.215,1,1
"208",2013,106434153,"Santa Clara","0",65092,9000,"Basic",32,"Yes",42,0.138265839120015,3.73766961828337,0,9,65.092,1,1
"209",2014,106380933,"San Francisco","0",14809,1691,"Basic",11,"Yes",397,0.11418731852252,5.98393628068719,1,1.691,14.809,1,1
"210",2013,106190547,"Los Angeles","0",14506,1944,"Basic",6,"Yes",572,0.134013511650352,6.3491389913798,0,1.944,14.506,1,1
"211",2014,106370780,"San Diego","0",72676,10062,"Basic",47,"Yes",32,0.138450107325665,3.46573590279973,1,10.062,72.676,1,1
"212",2013,106190256,"Los Angeles","0",17429,2100,"Basic",8,"Yes",18,0.12048884043835,2.89037175789616,0,2.1,17.429,1,1
"213",2013,106380857,"San Francisco","0",33179,4622,"Basic",24,"Yes",75,0.13930498206697,4.31748811353631,0,4.622,33.179,1,1
"214",2013,106190392,"Los Angeles","0",30425,5235,"Basic",12,"Yes",1271,0.172062448644207,7.14755927118945,0,5.235,30.425,1,1
"215",2014,106190434,"Los Angeles","0",66707,6317,"Basic",53,"Yes",596,0.0946977078867285,6.39024066706535,1,6.317,66.707,1,1
"216",2014,106190298,"Los Angeles","0",28858,3749,"Basic",23,"Yes",49,0.129911982812392,3.89182029811063,1,3.749,28.858,1,1
"217",2014,106190521,"Los Angeles","0",36479,4620,"Basic",10,"Yes",68,0.126648208558349,4.21950770517611,1,4.62,36.479,1,1
"218",2013,106191227,"Los Angeles","LEVEL I",74115,13909,"Basic",46,"Yes",2823,0.187667813533023,7.94555542825349,0,13.909,74.115,1,0
"219",2014,106010739,"Alameda","0",46028,5750,"Basic",22,"Yes",182,0.124923959329104,5.2040066870768,1,5.75,46.028,1,1
"220",2014,106364231,"San Bernardino","LEVEL II",100296,16845,"Basic",43,"Yes",89,0.167952859535774,4.48863636973214,1,16.845,100.296,1,0
"221",2013,106190696,"Los Angeles","0",13919,2666,"Basic",7,"Yes",942,0.191536748329621,6.84800527457636,0,2.666,13.919,1,1
"222",2014,106190534,"Los Angeles","0",27382,4982,"Basic",16,"Yes",19,0.18194434299905,2.94443897916644,1,4.982,27.382,1,1
"223",2014,106370759,"San Diego","0",32391,5979,"Basic",20,"Yes",71,0.184588311568028,4.26267987704132,1,5.979,32.391,1,1
"224",2014,106370689,"San Diego","0",13407,976,"Basic",8,"Yes",198,0.0727977921981055,5.28826703069454,1,0.976,13.407,1,1
"225",2013,106430883,"Santa Clara","LEVEL I",78934,18238,"Comprehensive",24,"Yes",451,0.231053791775407,6.11146733950268,0,18.238,78.934,0,0
"226",2014,106190413,"Los Angeles","0",22919,6047,"Basic",12,"Yes",183,0.263842226973254,5.20948615284142,1,6.047,22.919,1,1
"227",2013,106190883,"Los Angeles","0",25522,5185,"Basic",11,"Yes",60,0.203158059713189,4.0943445622221,0,5.185,25.522,1,1
"228",2014,106190431,"Los Angeles","0",60682,6297,"Basic",37,"Yes",682,0.103770475594081,6.52502965784346,1,6.297,60.682,1,1
"229",2013,106370714,"San Diego","0",102871,20593,"Basic",59,"Yes",1978,0.200182753156866,7.58984151218266,0,20.593,102.871,1,1
"230",2013,106301297,"Orange","0",24990,2493,"Basic",20,"Yes",2,0.0997599039615846,0.693147180559945,0,2.493,24.99,1,1
"231",2014,106350784,"San Benito","0",17363,1469,"Basic",18,"Yes",3,0.0846051949547889,1.09861228866811,1,1.469,17.363,1,1
"232",2013,106560481,"Ventura","LEVEL II",42813,4607,"Basic",20,"Yes",715,0.107607502394133,6.57228254269401,0,4.607,42.813,1,0
"233",2014,106304306,"Orange","0",40067,5544,"Basic",36,"Yes",11,0.138368233209374,2.39789527279837,1,5.544,40.067,1,1
"234",2013,106190673,"Los Angeles","0",15339,3241,"Basic",8,"Yes",5,0.211291479235935,1.6094379124341,0,3.241,15.339,1,1
"235",2013,106370689,"San Diego","0",11964,997,"Basic",8,"Yes",578,0.0833333333333333,6.35957386867238,0,0.997,11.964,1,1
"236",2014,106361246,"San Bernardino","LEVEL I",36852,9038,"Basic",77,"Yes",10,0.245251275371757,2.30258509299405,1,9.038,36.852,1,0
"237",2013,106301337,"Orange","0",12810,3223,"Basic",11,"Yes",8,0.25160031225605,2.07944154167984,0,3.223,12.81,1,1
"238",2014,106390846,"San Joaquin","0",46111,4476,"Basic",13,"Yes",169,0.09707011342196,5.12989871492307,1,4.476,46.111,1,1
"239",2013,106380965,"San Francisco","0",16856,2703,"Basic",13,"Yes",162,0.160358329378263,5.08759633523238,0,2.703,16.856,1,1
"240",2014,106400480,"San Luis Obispo","0",17466,2138,"Basic",14,"Yes",105,0.122409252261537,4.65396035015752,1,2.138,17.466,1,1
"241",2014,106190328,"Los Angeles","0",4687,1330,"Basic",7,"Yes",33,0.283763601450821,3.49650756146648,1,1.33,4.687,1,1
"242",2014,106394009,"San Joaquin","0",25442,880,"Basic",10,"Yes",14,0.0345884757487619,2.63905732961526,1,0.88,25.442,1,1
"243",2013,106190529,"Los Angeles","0",44833,8505,"Basic",38,"Yes",57,0.189704012669239,4.04305126783455,0,8.505,44.833,1,1
"244",2013,106190525,"Los Angeles","LEVEL II",64895,15110,"Basic",53,"Yes",1901,0.232837660836736,7.55013534248843,0,15.11,64.895,1,0
"245",2013,106190475,"Los Angeles","0",22090,3663,"Basic",20,"Yes",1331,0.165821638750566,7.19368581839511,0,3.663,22.09,1,1
"246",2014,106430705,"Santa Clara","LEVEL II",73549,10029,"Basic",27,"Yes",55,0.136358074209031,4.00733318523247,1,10.029,73.549,1,0
"247",2014,106314024,"Placer","0",89107,7480,"Basic",73,"Yes",5,0.0839440223551461,1.6094379124341,1,7.48,89.107,1,1
"248",2014,106191450,"Los Angeles","0",39945,5268,"Basic",27,"Yes",1128,0.131881336838152,7.028201432058,1,5.268,39.945,1,1
"249",2013,106370782,"San Diego","LEVEL I",42528,8718,"Comprehensive",36,"Yes",971,0.204994356659142,6.87832646829133,0,8.718,42.528,0,0
"250",2014,106196405,"Los Angeles","0",66396,6649,"Basic",35,"Yes",265,0.100141574793662,5.57972982598622,1,6.649,66.396,1,1
"251",2013,106196403,"Los Angeles","0",94172,10029,"Basic",63,"Yes",1258,0.106496623200102,7.13727843726039,0,10.029,94.172,1,1
"252",2014,106190200,"Los Angeles","0",24848,4390,"Basic",12,"Yes",168,0.176674179008371,5.12396397940326,1,4.39,24.848,1,1
"253",2013,106190240,"Los Angeles","0",47622,6339,"Basic",14,"Yes",705,0.133110747133678,6.55819780281227,0,6.339,47.622,1,1
"254",2013,106010967,"Alameda","0",35084,4548,"Basic",17,"Yes",5,0.129631740964542,1.6094379124341,0,4.548,35.084,1,1
"255",2014,106211006,"Marin","LEVEL III",36385,6531,"Basic",22,"Yes",73,0.179497045485777,4.29045944114839,1,6.531,36.385,1,0
"256",2013,106370780,"San Diego","0",79094,10044,"Basic",46,"Yes",124,0.126988140693352,4.82028156560504,0,10.044,79.094,1,1
"257",2013,106361246,"San Bernardino","LEVEL I",60403,16137,"Basic",77,"Yes",18,0.267155604854064,2.89037175789616,0,16.137,60.403,1,0
"258",2013,106150761,"Kern","0",29076,4586,"Basic",16,"Yes",11,0.157724583849223,2.39789527279837,0,4.586,29.076,1,1
"259",2015,106014050,"Alameda","0",32692,5604,"Basic",18,"Yes",7,0.171418083934908,1.94591014905531,2,5.604,32.692,1,1
"260",2014,106190422,"Los Angeles","0",65898,13151,"Basic",29,"Yes",183,0.199565995933109,5.20948615284142,1,13.151,65.898,1,1
"261",2013,106190429,"Los Angeles","0",71534,8773,"Basic",45,"Yes",4157,0.1226409819107,8.33254893925264,0,8.773,71.534,1,1
"262",2013,106196035,"Los Angeles","0",76692,7364,"Basic",40,"Yes",2606,0.0960204454180358,7.86557175768479,0,7.364,76.692,1,1
"263",2013,106190680,"Los Angeles","0",37628,3788,"Basic",16,"Yes",149,0.100669714042734,5.00394630594546,0,3.788,37.628,1,1
"264",2013,106190110,"Los Angeles","0",25564,6429,"Basic",27,"Yes",185,0.251486465341887,5.22035582507832,0,6.429,25.564,1,1
"265",2014,106070904,"Contra Costa","0",34899,2552,"Standby",25,"Yes",3528,0.0731253044499842,8.16848641712668,1,2.552,34.899,0,1
"266",2014,106010846,"Alameda","LEVEL II",90816,9489,"Basic",52,"Yes",315,0.104485993657505,5.75257263882563,1,9.489,90.816,1,0
"267",2013,106370694,"San Diego","LEVEL II",72388,13026,"Basic",52,"Yes",74,0.179946952533569,4.30406509320417,0,13.026,72.388,1,0
"268",2014,106390923,"San Joaquin","0",38126,5567,"Basic",28,"Yes",51,0.146015842207418,3.93182563272433,1,5.567,38.126,1,1
"269",2013,106190197,"Los Angeles","0",37092,4240,"Basic",14,"Yes",84,0.114310363420684,4.43081679884331,0,4.24,37.092,1,1
"270",2013,106190517,"Los Angeles","0",33612,5595,"Basic",15,"Yes",576,0.166458407711532,6.35610766069589,0,5.595,33.612,1,1
"271",2013,106154101,"Kern","0",12502,4115,"Basic",9,"Yes",110,0.329147336426172,4.70048036579242,0,4.115,12.502,1,1
"272",2013,106190400,"Los Angeles","LEVEL II",59982,16375,"Basic",34,"Yes",322,0.272998566236538,5.77455154554441,0,16.375,59.982,1,0
"273",2014,106190017,"Los Angeles","0",19034,4021,"Basic",8,"Yes",311,0.211253546285594,5.73979291217923,1,4.021,19.034,1,1
"274",2014,106301337,"Orange","0",13527,3201,"Basic",12,"Yes",48,0.236637835440231,3.87120101090789,1,3.201,13.527,1,1
"275",2014,106334487,"Riverside","LEVEL II",87554,10302,"Basic",40,"Yes",17,0.117664527034744,2.83321334405622,1,10.302,87.554,1,0
"276",2013,106370771,"San Diego","LEVEL II",32626,7285,"Basic",23,"Yes",4,0.223288175075093,1.38629436111989,0,7.285,32.626,1,0
"277",2013,106374382,"San Diego","0",45812,8076,"Basic",52,"Yes",518,0.176285689339038,6.24997524225948,0,8.076,45.812,1,1
"278",2014,106190125,"Los Angeles","LEVEL II",75846,7962,"Basic",35,"Yes",1323,0.104975872162012,7.18765716411496,1,7.962,75.846,1,0
"279",2014,106430763,"Santa Clara","0",45206,6499,"Basic",28,"Yes",196,0.143764102110339,5.27811465923052,1,6.499,45.206,1,1
"280",2014,106190475,"Los Angeles","0",23872,4035,"Basic",21,"Yes",540,0.169026474530831,6.29156913955832,1,4.035,23.872,1,1
"281",2014,106190547,"Los Angeles","0",15849,2058,"Basic",6,"Yes",374,0.129850463751656,5.92425579741453,1,2.058,15.849,1,1
"282",2014,106214034,"Marin","0",14342,1286,"Basic",9,"Yes",60,0.0896667131501883,4.0943445622221,1,1.286,14.342,1,1
"283",2014,106191227,"Los Angeles","LEVEL I",73516,13246,"Basic",84,"Yes",1772,0.180178464551934,7.47986413116503,1,13.246,73.516,1,0
"284",2014,106370652,"San Diego","0",25447,4755,"Basic",16,"Yes",435,0.186858961763666,6.07534603108868,1,4.755,25.447,1,1
"285",2013,106190148,"Los Angeles","0",63772,13933,"Basic",44,"Yes",1,0.218481465219846,0,0,13.933,63.772,1,1
"286",2014,106190315,"Los Angeles","0",25937,6025,"Basic",21,"Yes",427,0.232293634576088,6.05678401322862,1,6.025,25.937,1,1
"287",2014,106010735,"Alameda","0",11497,1762,"Basic",12,"Yes",168,0.153257371488214,5.12396397940326,1,1.762,11.497,1,1
"288",2013,106560473,"Ventura","0",42512,6140,"Basic",22,"Yes",68,0.144429808054196,4.21950770517611,0,6.14,42.512,1,1
"289",2014,106190352,"Los Angeles","0",16989,2081,"Basic",9,"Yes",170,0.122491023603508,5.13579843705026,1,2.081,16.989,1,1
"290",2014,106380857,"San Francisco","0",34245,4391,"Basic",24,"Yes",80,0.12822309826252,4.38202663467388,1,4.391,34.245,1,1
"291",2013,106400480,"San Luis Obispo","0",16568,2134,"Basic",14,"Yes",202,0.128802510864317,5.30826769740121,0,2.134,16.568,1,1
"292",2013,106304409,"Orange","0",49480,6323,"Basic",36,"Yes",109,0.127789005658852,4.69134788222914,0,6.323,49.48,1,1
"293",2013,106211006,"Marin","LEVEL III",34310,6055,"Basic",22,"Yes",169,0.176479160594579,5.12989871492307,0,6.055,34.31,1,0
"294",2014,106301205,"Orange","0",70912,11213,"Basic",56,"Yes",54,0.158125564079422,3.98898404656427,1,11.213,70.912,1,1
"295",2013,106010735,"Alameda","0",16882,2588,"Basic",12,"Yes",79,0.153299372112309,4.36944785246702,0,2.588,16.882,1,1
"296",2013,106500939,"Stanislaus","LEVEL II",64770,12508,"Basic",44,"Yes",8,0.193114096032114,2.07944154167984,0,12.508,64.77,1,0
"297",2013,106190687,"Los Angeles","0",38244,6675,"Basic",21,"Yes",5,0.174537182303106,1.6094379124341,0,6.675,38.244,1,1
"298",2013,106410817,"San Mateo","0",26955,5797,"Basic",18,"Yes",1244,0.215062140604712,7.12608727329912,0,5.797,26.955,1,1
"299",2013,106190328,"Los Angeles","0",4409,1351,"Basic",7,"Yes",22,0.306418689045135,3.09104245335832,0,1.351,4.409,1,1
"300",2013,106500867,"Stanislaus","0",60295,6639,"Basic",32,"Yes",786,0.110108632556597,6.66695679242921,0,6.639,60.295,1,1
"301",2014,106190170,"Los Angeles","0",74195,6843,"Basic",39,"Yes",19,0.0922299346317137,2.94443897916644,1,6.843,74.195,1,1
"302",2014,106190470,"Los Angeles","0",72579,12534,"Basic",29,"Yes",689,0.172694581077171,6.53524127101366,1,12.534,72.579,1,1
"303",2013,106301566,"Orange","LEVEL II",17198,3847,"Basic",20,"Yes",364,0.223688801023375,5.89715386763674,0,3.847,17.198,1,0
"304",2015,106380857,"San Francisco","0",36318,4164,"Basic",24,"Yes",175,0.114653890632744,5.16478597392351,2,4.164,36.318,1,1
"305",2015,106190636,"Los Angeles","0",60562,9458,"Basic",30,"Yes",517,0.156170535979657,6.24804287450843,2,9.458,60.562,1,1
"306",2015,106391010,"San Joaquin","LEVEL III",38748,5609,"Basic",25,"Yes",92,0.144755858366883,4.52178857704904,2,5.609,38.748,1,0
"307",2015,106371394,"San Diego","0",47348,6862,"Basic",38,"Yes",26,0.144926924051702,3.25809653802148,2,6.862,47.348,1,1
"308",2014,106560525,"Ventura","0",30572,4795,"Basic",10,"Yes",191,0.156842862750229,5.25227342804663,1,4.795,30.572,1,1
"309",2015,106196403,"Los Angeles","0",95026,9634,"Basic",63,"Yes",2777,0.101382779449835,7.9291264873068,2,9.634,95.026,1,1
"310",2015,106190200,"Los Angeles","0",27627,4417,"Basic",12,"Yes",316,0.159879827704782,5.75574221358691,2,4.417,27.627,1,1
"311",2015,106190298,"Los Angeles","0",31774,4260,"Basic",23,"Yes",511,0.134071882671367,6.2363695902037,2,4.26,31.774,1,1
"312",2014,106560473,"Ventura","0",43853,6019,"Basic",22,"Yes",90,0.137254007707568,4.49980967033027,1,6.019,43.853,1,1
"313",2015,106190243,"Los Angeles","0",50393,5384,"Basic",22,"Yes",2440,0.106840235747028,7.79975331828725,2,5.384,50.393,1,1
"314",2015,106391056,"San Joaquin","0",38212,2893,"Basic",14,"Yes",35,0.0757092012980216,3.55534806148941,2,2.893,38.212,1,1
"315",2015,106190017,"Los Angeles","0",17021,3108,"Basic",8,"Yes",641,0.182597967216967,6.46302945692067,2,3.108,17.021,1,1
"316",2015,106434138,"Santa Clara","0",25807,2309,"Basic",8,"Yes",262,0.0894718487232146,5.5683445037611,2,2.309,25.807,1,1
"317",2015,106190568,"Los Angeles","LEVEL II",57774,10034,"Basic",25,"Yes",643,0.173676740402257,6.46614472423762,2,10.034,57.774,1,0
"318",2015,106190434,"Los Angeles","0",70477,5936,"Basic",53,"Yes",1322,0.084226059565532,7.18690102041163,2,5.936,70.477,1,1
"319",2015,106190883,"Los Angeles","0",29408,4630,"Basic",11,"Yes",72,0.157440152339499,4.27666611901606,2,4.63,29.408,1,1
"320",2015,106190125,"Los Angeles","LEVEL II",82187,11575,"Basic",35,"Yes",1458,0.140837358706365,7.2848209125686,2,11.575,82.187,1,0
"321",2015,106430779,"Santa Clara","0",64373,9657,"Basic",25,"Yes",27,0.150016311186367,3.29583686600433,2,9.657,64.373,1,1
"322",2015,106196035,"Los Angeles","0",82159,7231,"Basic",40,"Yes",3857,0.0880122688932436,8.25764495820823,2,7.231,82.159,1,1
"323",2015,106211006,"Marin","LEVEL III",37280,6269,"Basic",22,"Yes",187,0.168159871244635,5.23110861685459,2,6.269,37.28,1,0
"324",2015,106301248,"Orange","0",31700,5898,"Basic",20,"Yes",646,0.186056782334385,6.4707995037826,2,5.898,31.7,1,1
"325",2014,106560481,"Ventura","LEVEL II",32085,4078,"Basic",20,"Yes",8,0.127099890914758,2.07944154167984,1,4.078,32.085,1,0
"326",2015,106190521,"Los Angeles","0",33868,3368,"Basic",10,"Yes",178,0.0994449037439471,5.18178355029209,2,3.368,33.868,1,1
"327",2015,106190470,"Los Angeles","0",76272,13452,"Basic",29,"Yes",181,0.176368785399622,5.19849703126583,2,13.452,76.272,1,1
"328",2015,106434153,"Santa Clara","0",72632,7869,"Basic",32,"Yes",52,0.108340676285935,3.95124371858143,2,7.869,72.632,1,1
"329",2015,106301337,"Orange","0",14296,3116,"Basic",12,"Yes",50,0.217963066592054,3.91202300542815,2,3.116,14.296,1,1
"330",2015,106190392,"Los Angeles","0",34954,4869,"Basic",12,"Yes",2003,0.139297362247525,7.60240133566582,2,4.869,34.954,1,1
"331",2015,106274043,"Monterey","LEVEL II",56320,4457,"Basic",19,"Yes",42,0.0791370738636364,3.73766961828337,2,4.457,56.32,1,0
"332",2015,106190756,"Los Angeles","0",30578,6177,"Basic",27,"Yes",2292,0.202007979593172,7.73718007783463,2,6.177,30.578,1,1
"333",2015,106190256,"Los Angeles","0",14069,1833,"Basic",8,"Yes",32,0.130286445376359,3.46573590279973,2,1.833,14.069,1,1
"334",2015,106301258,"Orange","0",12655,485,"Basic",10,"Yes",119,0.0383247728170684,4.77912349311153,2,0.485,12.655,1,1
"335",2015,106500939,"Stanislaus","LEVEL II",77737,11690,"Basic",44,"Yes",10,0.150378841478318,2.30258509299405,2,11.69,77.737,1,0
"336",2015,106301205,"Orange","0",73125,11556,"Basic",56,"Yes",197,0.158030769230769,5.28320372873799,2,11.556,73.125,1,1
"337",2015,106190034,"Los Angeles","LEVEL II",116275,11303,"Basic",26,"Yes",305,0.0972092023220813,5.72031177660741,2,11.303,116.275,1,0
"338",2015,106190517,"Los Angeles","0",42599,6278,"Basic",15,"Yes",375,0.147374351510599,5.92692602597041,2,6.278,42.599,1,1
"339",2015,106190323,"Los Angeles","0",56915,10296,"Basic",39,"Yes",434,0.180901344109637,6.07304453410041,2,10.296,56.915,1,1
"340",2015,106190630,"Los Angeles","0",97442,10431,"Basic",50,"Yes",373,0.107048295396236,5.92157841964382,2,10.431,97.442,1,1
"341",2015,106190587,"Los Angeles","0",15487,5128,"Basic",7,"Yes",707,0.331116420223413,6.56103066589657,2,5.128,15.487,1,1
"342",2015,106314024,"Placer","0",102258,8597,"Basic",61,"Yes",1,0.0840716618748655,0,2,8.597,102.258,1,1
"343",2015,106400548,"San Luis Obispo","0",36403,3153,"Basic",23,"Yes",77,0.0866137406257726,4.34380542185368,2,3.153,36.403,1,1
"344",2015,106190673,"Los Angeles","0",16944,2507,"Basic",8,"Yes",14,0.147957979225685,2.63905732961526,2,2.507,16.944,1,1
"345",2015,106440755,"Santa Cruz","0",50171,8689,"Basic",24,"Yes",148,0.173187698072592,4.99721227376411,2,8.689,50.171,1,1
"346",2015,106190766,"Los Angeles","0",16737,13721,"Basic",8,"Yes",4,0.819800442134194,1.38629436111989,2,13.721,16.737,1,1
"347",2015,106430883,"Santa Clara","LEVEL I",62713,12803,"Comprehensive",24,"Yes",225,0.204152249134948,5.41610040220442,2,12.803,62.713,0,0
"348",2015,106190696,"Los Angeles","0",13696,2385,"Basic",7,"Yes",1002,0.174138434579439,6.90975328164481,2,2.385,13.696,1,1
"349",2015,106301566,"Orange","LEVEL II",24783,5425,"Basic",20,"Yes",469,0.218900052455312,6.15060276844628,2,5.425,24.783,1,0
"350",2015,106430763,"Santa Clara","0",49026,7723,"Basic",28,"Yes",125,0.157528658262963,4.8283137373023,2,7.723,49.026,1,1
"351",2015,106190522,"Los Angeles","0",46782,7258,"Basic",15,"Yes",635,0.15514514129366,6.45362499889269,2,7.258,46.782,1,1
"352",2015,106301279,"Orange","LEVEL I",46980,11737,"Comprehensive",36,"Yes",1092,0.249829714772243,6.99576615630485,2,11.737,46.98,0,0
"353",2015,106190631,"Los Angeles","0",78129,12146,"Basic",61,"Yes",628,0.155460840404971,6.4425401664682,2,12.146,78.129,1,1
"354",2015,106190170,"Los Angeles","0",77820,7332,"Basic",39,"Yes",5640,0.0942174248265227,8.6376393444921,2,7.332,77.82,1,1
"355",2015,106380933,"San Francisco","0",15911,1869,"Basic",11,"Yes",642,0.117465904091509,6.46458830368996,2,1.869,15.911,1,1
"356",2015,106190148,"Los Angeles","0",59773,12293,"Basic",36,"Yes",2,0.20566141903535,0.693147180559945,2,12.293,59.773,1,1
"357",2015,106190796,"Los Angeles","LEVEL I",48602,10283,"Comprehensive",33,"Yes",3846,0.211575655322826,8.25478892614873,2,10.283,48.602,0,0
"358",2015,106300032,"Orange","0",77125,6299,"Basic",31,"Yes",12,0.0816726094003242,2.484906649788,2,6.299,77.125,1,1
"359",2015,106361318,"San Bernardino","0",76950,10133,"Basic",31,"Yes",236,0.131682910981157,5.46383180502561,2,10.133,76.95,1,1
"360",2015,106301188,"Orange","0",9636,1313,"Basic",11,"Yes",372,0.136259858862599,5.91889385427315,2,1.313,9.636,1,1
"361",2015,106370875,"San Diego","0",67764,10702,"Basic",44,"Yes",2145,0.15793046455345,7.67089483136212,2,10.702,67.764,1,1
"362",2015,106190570,"Los Angeles","0",7432,2126,"Basic",4,"Yes",1291,0.286060279870829,7.16317239084664,2,2.126,7.432,1,1
"363",2015,106560501,"Ventura","0",8969,608,"Standby",6,"Yes",24,0.0677890511762738,3.17805383034795,2,0.608,8.969,0,1
"364",2015,106381154,"San Francisco","0",41079,8727,"Basic",29,"Yes",1683,0.212444314613306,7.42833319419081,2,8.727,41.079,1,1
"365",2015,106370977,"San Diego","0",19875,2579,"Basic",17,"Yes",8,0.129761006289308,2.07944154167984,2,2.579,19.875,1,1
"366",2015,106190400,"Los Angeles","LEVEL II",65756,16794,"Basic",50,"Yes",571,0.255398746882414,6.34738920965601,2,16.794,65.756,1,0
"367",2015,106190429,"Los Angeles","0",74051,8237,"Basic",45,"Yes",3185,0.11123414943755,8.06620756800626,2,8.237,74.051,1,1
"368",2014,106560508,"Ventura","0",22295,2186,"Basic",14,"Yes",170,0.0980488898856246,5.13579843705026,1,2.186,22.295,1,1
"369",2015,106190525,"Los Angeles","LEVEL II",101485,15118,"Basic",53,"Yes",1955,0.148967827757797,7.57814547241947,2,15.118,101.485,1,0
"370",2015,106301340,"Orange","0",79833,11863,"Basic",53,"Yes",379,0.148597697693936,5.93753620508243,2,11.863,79.833,1,1
"371",2015,106190754,"Los Angeles","LEVEL II",70855,8748,"Basic",46,"Yes",2672,0.123463411191871,7.89058253465654,2,8.748,70.855,1,0
"372",2015,106504042,"Stanislaus","0",46271,4565,"Basic",37,"Yes",9,0.0986579066802101,2.19722457733622,2,4.565,46.271,1,1
"373",2015,106410817,"San Mateo","0",28994,5339,"Basic",18,"Yes",1084,0.184141546526868,6.98841318199959,2,5.339,28.994,1,1
"374",2015,106560508,"Ventura","0",24111,2823,"Basic",14,"Yes",81,0.117083488864004,4.39444915467244,2,2.823,24.111,1,1
"375",2015,106190159,"Los Angeles","0",12682,3008,"Basic",8,"Yes",1292,0.237186563633496,7.16394668434255,2,3.008,12.682,1,1
"376",2015,106370658,"San Diego","0",54199,7413,"Basic",24,"Yes",919,0.136773741212938,6.82328612235569,2,7.413,54.199,1,1
"377",2015,106390923,"San Joaquin","0",43049,6404,"Basic",28,"Yes",50,0.1487607145346,3.91202300542815,2,6.404,43.049,1,1
"378",2015,106370694,"San Diego","LEVEL II",89364,14100,"Basic",52,"Yes",741,0.157781657043105,6.60800062529609,2,14.1,89.364,1,0
"379",2015,106214034,"Marin","0",14880,1370,"Basic",9,"Yes",37,0.0920698924731183,3.61091791264422,2,1.37,14.88,1,1
"380",2015,106190475,"Los Angeles","0",26386,4574,"Basic",21,"Yes",334,0.173349503524596,5.8111409929767,2,4.574,26.386,1,1
"381",2015,106190687,"Los Angeles","0",47561,8641,"Basic",21,"Yes",982,0.181682470932066,6.88959130835447,2,8.641,47.561,1,1
"382",2015,106430705,"Santa Clara","LEVEL II",89799,12444,"Basic",42,"Yes",19,0.138576153409281,2.94443897916644,2,12.444,89.799,1,0
"383",2015,106331312,"Riverside","LEVEL II",107885,15027,"Basic",50,"Yes",45,0.139287203967187,3.80666248977032,2,15.027,107.885,1,0
"384",2015,106361246,"San Bernardino","LEVEL I",70072,12259,"Basic",77,"Yes",123,0.174948624272177,4.81218435537242,2,12.259,70.072,1,0
"385",2015,106190240,"Los Angeles","0",54726,6465,"Basic",14,"Yes",1170,0.11813397653766,7.0647590277918,2,6.465,54.726,1,1
"386",2015,106431506,"Santa Clara","0",60604,5822,"Basic",25,"Yes",188,0.0960662662530526,5.23644196282995,2,5.822,60.604,1,1
"387",2015,106190197,"Los Angeles","0",36601,2778,"Basic",14,"Yes",466,0.0758995655856397,6.14418563412565,2,2.778,36.601,1,1
"388",2015,106380960,"San Francisco","0",34988,3577,"Basic",19,"Yes",672,0.102235052017835,6.51025834052315,2,3.577,34.988,1,1
"389",2015,106190818,"Los Angeles","0",22543,3684,"Basic",13,"Yes",446,0.163421017610788,6.10031895202006,2,3.684,22.543,1,1
"390",2015,106410782,"San Mateo","0",41073,2866,"Basic",15,"Yes",16,0.0697781997906167,2.77258872223978,2,2.866,41.073,1,1
"391",2015,106400524,"San Luis Obispo","LEVEL III",24031,2509,"Basic",9,"Yes",2,0.104406807873164,0.693147180559945,2,2.509,24.031,1,0
"392",2015,106010937,"Alameda","0",46719,9043,"Basic",31,"Yes",48,0.193561506025386,3.87120101090789,2,9.043,46.719,1,1
"393",2015,106190053,"Los Angeles","LEVEL II",55337,6701,"Basic",26,"Yes",955,0.121094385311817,6.86171134048073,2,6.701,55.337,1,0
"394",2015,106301175,"Orange","0",50910,10293,"Basic",25,"Yes",167,0.202180318208603,5.11799381241676,2,10.293,50.91,1,1
"395",2015,106560521,"Ventura","0",15141,1346,"Basic",9,"Yes",70,0.0888976950003302,4.24849524204936,2,1.346,15.141,1,1
"396",2015,106190432,"Los Angeles","0",64137,4278,"Basic",32,"Yes",2473,0.0667009682398615,7.81318726752142,2,4.278,64.137,1,1
"397",2015,106010846,"Alameda","LEVEL II",73187,7590,"Basic",57,"Yes",56,0.103706942489786,4.02535169073515,2,7.59,73.187,1,0
"398",2015,106190382,"Los Angeles","0",34240,5684,"Basic",20,"Yes",277,0.166004672897196,5.62401750618734,2,5.684,34.24,1,1
"399",2015,106191450,"Los Angeles","0",42275,5547,"Basic",27,"Yes",1203,0.131212300413956,7.09257371597468,2,5.547,42.275,1,1
"400",2015,106560481,"Ventura","LEVEL II",36872,4615,"Basic",20,"Yes",1501,0.125162725103059,7.31388683163346,2,4.615,36.872,1,0
"401",2015,106370780,"San Diego","0",81888,9587,"Basic",47,"Yes",1022,0.117074540836264,6.92951677076365,2,9.587,81.888,1,1
"402",2015,106370689,"San Diego","0",15870,1071,"Basic",8,"Yes",624,0.0674858223062382,6.43615036836943,2,1.071,15.87,1,1
"403",2015,106394009,"San Joaquin","0",29053,1012,"Basic",11,"Yes",20,0.0348328916118817,2.99573227355399,2,1.012,29.053,1,1
"404",2015,106370744,"San Diego","LEVEL I",69389,13569,"Basic",52,"Yes",290,0.195549726901959,5.66988092298052,2,13.569,69.389,1,0
"405",2014,106560529,"Ventura","0",53225,5232,"Basic",20,"Yes",302,0.0982996712071395,5.71042701737487,1,5.232,53.225,1,1
"406",2015,106190680,"Los Angeles","0",41311,3990,"Basic",16,"Yes",355,0.096584444820992,5.87211778947542,2,3.99,41.311,1,1
"407",2015,106400466,"San Luis Obispo","0",25630,1909,"Basic",14,"Yes",1,0.0744830277019118,0,2,1.909,25.63,1,1
"408",2015,106304306,"Orange","0",43918,5880,"Basic",36,"Yes",302,0.133885878227606,5.71042701737487,2,5.88,43.918,1,1
"409",2015,106304409,"Orange","0",62822,7374,"Basic",36,"Yes",715,0.11737926204196,6.57228254269401,2,7.374,62.822,1,1
"410",2015,106190413,"Los Angeles","0",25928,5675,"Basic",12,"Yes",327,0.218875347115088,5.78996017089725,2,5.675,25.928,1,1
"411",2015,106190949,"Los Angeles","LEVEL II",64560,10056,"Basic",36,"Yes",562,0.155762081784387,6.33150184989369,2,10.056,64.56,1,0
"412",2015,106560529,"Ventura","0",55905,6362,"Basic",20,"Yes",254,0.113800196762365,5.53733426701854,2,6.362,55.905,1,1
"413",2015,106190352,"Los Angeles","0",18555,2366,"Basic",9,"Yes",587,0.127512799784425,6.3750248198281,2,2.366,18.555,1,1
"414",2015,106190534,"Los Angeles","0",16860,2841,"Basic",16,"Yes",64,0.168505338078292,4.15888308335967,2,2.841,16.86,1,1
"415",2015,106370714,"San Diego","0",106979,19792,"Basic",62,"Yes",3267,0.185008272651642,8.09162741160107,2,19.792,106.979,1,1
"416",2015,106190547,"Los Angeles","0",17800,2407,"Basic",6,"Yes",411,0.135224719101124,6.01859321449623,2,2.407,17.8,1,1
"417",2015,106196405,"Los Angeles","0",81014,6993,"Basic",35,"Yes",22,0.0863184141012664,3.09104245335832,2,6.993,81.014,1,1
"418",2015,106191231,"Los Angeles","0",58319,7973,"Basic",51,"Yes",1659,0.136713592482724,7.41397029019044,2,7.973,58.319,1,1
"419",2015,106190859,"Los Angeles","0",55210,7698,"Basic",36,"Yes",228,0.139431262452454,5.42934562895444,2,7.698,55.21,1,1
"420",2015,106190328,"Los Angeles","0",5279,1449,"Basic",7,"Yes",42,0.27448380375071,3.73766961828337,2,1.449,5.279,1,1
"421",2015,106304045,"Orange","0",33516,3469,"Basic",14,"Yes",611,0.103502804630624,6.4150969591716,2,3.469,33.516,1,1
"422",2015,106560473,"Ventura","0",47315,5980,"Basic",22,"Yes",473,0.126386980872873,6.15909538849193,2,5.98,47.315,1,1
"423",2015,106190081,"Los Angeles","0",34330,6510,"Basic",17,"Yes",814,0.189630061170987,6.70196036600254,2,6.51,34.33,1,1
"424",2015,106301140,"Orange","0",5150,492,"Basic",8,"Yes",72,0.0955339805825243,4.27666611901606,2,0.492,5.15,1,1
"425",2015,106374141,"San Diego","0",27212,6123,"Basic",32,"Yes",866,0.225011024547994,6.76388490856244,2,6.123,27.212,1,1
"426",2015,106560492,"Ventura","LEVEL II",48140,9473,"Basic",23,"Yes",42,0.196780224345659,3.73766961828337,2,9.473,48.14,1,0
"427",2015,106190315,"Los Angeles","0",28503,6437,"Basic",21,"Yes",1456,0.225835876925236,7.28344822875663,2,6.437,28.503,1,1
"428",2015,106430837,"Santa Clara","0",48750,7691,"Basic",23,"Yes",61,0.157764102564103,4.11087386417331,2,7.691,48.75,1,1
"429",2015,106301098,"Orange","0",43547,10558,"Basic",31,"Yes",889,0.242450685466278,6.7900972355139,2,10.558,43.547,1,1
"430",2015,106190555,"Los Angeles","LEVEL I",86438,22934,"Basic",51,"Yes",1908,0.265323121775145,7.55381085200823,2,22.934,86.438,1,0
"431",2015,106190385,"Los Angeles","LEVEL II",99742,8795,"Basic",32,"Yes",776,0.0881774979446973,6.65415252018322,2,8.795,99.742,1,0
"432",2015,106010735,"Alameda","0",14420,426,"Basic",12,"Yes",94,0.0295423023578363,4.54329478227,2,0.426,14.42,1,1
"433",2015,106560525,"Ventura","0",35762,6075,"Basic",10,"Yes",274,0.169873049605727,5.61312810638807,2,6.075,35.762,1,1
"434",2015,106331164,"Riverside","LEVEL II",71937,11176,"Comprehensive",28,"Yes",678,0.155358160612758,6.5191472879404,2,11.176,71.937,0,0
"435",2015,106370782,"San Diego","LEVEL I",46078,9081,"Comprehensive",35,"Yes",1485,0.197078866270237,7.3031700512368,2,9.081,46.078,0,0
"436",2015,106301325,"Orange","0",14215,1347,"Basic",10,"Yes",159,0.0947590573338023,5.06890420222023,2,1.347,14.215,1,1
"437",2015,106010739,"Alameda","0",53507,7130,"Basic",22,"Yes",57,0.133253592987833,4.04305126783455,2,7.13,53.507,1,1
"438",2015,106334001,"Riverside","LEVEL II",48303,6282,"Basic",33,"Yes",32,0.130054033910937,3.46573590279973,2,6.282,48.303,1,0
"439",2015,106300225,"Orange","0",33677,6967,"Basic",14,"Yes",613,0.206877097128604,6.41836493593621,2,6.967,33.677,1,1
"440",2015,106190500,"Los Angeles","0",29820,2626,"Basic",18,"Yes",642,0.0880617035546613,6.46458830368996,2,2.626,29.82,1,1
"441",2015,106141338,"Inyo","0",1161,4,"Standby",2,"Yes",688,0.00344530577088717,6.53378883793334,2,0.004,1.161,0,1
"442",2015,106444013,"Santa Cruz","0",32075,2494,"Basic",14,"Yes",91,0.077755261106781,4.51085950651685,2,2.494,32.075,1,1
"443",2015,106190812,"Los Angeles","0",67607,7493,"Basic",27,"Yes",552,0.11083171860902,6.31354804627709,2,7.493,67.607,1,1
"444",2015,106301317,"Orange","0",37254,7694,"Basic",31,"Yes",794,0.206528158050142,6.67708346124714,2,7.694,37.254,1,1
"445",2015,106380929,"San Francisco","0",28377,8031,"Basic",19,"Yes",921,0.283010889100328,6.82546003625531,2,8.031,28.377,1,1
"446",2015,106301342,"Orange","0",72435,8563,"Basic",36,"Yes",193,0.118216331883758,5.26269018890489,2,8.563,72.435,1,1
"447",2014,106560521,"Ventura","0",13294,927,"Basic",9,"Yes",24,0.0697307055814653,3.17805383034795,1,0.927,13.294,1,1
"448",2015,106190110,"Los Angeles","0",24086,7542,"Basic",17,"Yes",631,0.313127958149963,6.44730586254121,2,7.542,24.086,1,1
"449",2015,106190422,"Los Angeles","0",80407,16202,"Basic",29,"Yes",357,0.201499869414354,5.87773578177964,2,16.202,80.407,1,1
"450",2015,106391042,"San Joaquin","0",67430,11308,"Basic",32,"Yes",640,0.167699836867863,6.46146817635372,2,11.308,67.43,1,1
